Date,Price,Open,High,Low,Vol.
2020-01-02,52.25,51.45,52.25,51.25,39031131.5
2020-01-03,52.35,52.25,53.2,51.65,63402692.0
2020-01-06,52.8,51.7,52.8,51.55,46381647.5
2020-01-07,52.5,52.0,52.85,51.65,27769479.5
2020-01-08,51.85,52.4,52.4,50.55,34874381.0
2020-01-09,51.8,51.85,51.9,51.05,52396697.0
2020-01-10,52.0,51.8,52.0,51.55,29554767.0
2020-01-14,52.0,52.0,52.5,51.6,99950304.0
2020-01-15,52.4,51.7,52.4,51.7,42035770.5
2020-01-16,53.0,52.0,53.0,51.75,50929395.0
2020-01-17,54.0,52.5,54.0,52.5,43906192.5
2020-01-20,52.75,54.0,54.0,52.25,25602641.5
2020-01-21,51.15,52.75,53.5,51.15,23070625.0
2020-01-22,52.0,51.2,52.05,50.9,50026679.5
2020-01-23,53.0,52.0,53.0,51.05,33842129.5
2020-01-24,52.95,53.0,53.0,51.3,40758291.5
2020-01-27,52.8,52.5,53.25,52.25,31367197.0
2020-01-28,50.9,52.8,52.8,50.9,24455212.5
2020-01-29,51.5,51.0,51.8,50.25,21797089.5
2020-01-30,50.9,51.45,51.5,50.55,22321878.5
2020-01-31,49.3,51.5,51.5,49.3,119092058.0
2020-02-03,49.8,49.3,51.45,48.05,42878120.0
2020-02-04,49.85,49.8,51.0,49.8,52493665.0
2020-02-05,51.0,50.05,51.25,50.05,34372485.0
2020-02-06,52.4,51.25,52.4,51.15,21867038.0
2020-02-07,52.15,50.3,52.4,50.3,29584877.5
2020-02-10,52.0,51.15,52.3,50.8,55558992.0
2020-02-11,52.05,52.0,52.25,51.5,12880049.0
2020-02-12,50.85,52.05,52.05,50.85,18066019.5
2020-02-13,49.8,50.85,50.85,49.35,50481444.5
2020-02-14,49.4,49.8,50.95,49.4,65930550.0
2020-02-17,50.45,49.55,51.0,49.55,77186075.0
2020-02-18,50.4,51.0,51.0,50.35,46053612.5
2020-02-19,51.0,50.4,51.95,50.4,45538208.0
2020-02-20,51.0,50.7,52.3,50.7,132977463.5
2020-02-21,50.5,51.9,51.9,50.5,60973482.0
2020-02-24,49.55,50.4,50.4,49.5,22760675.0
2020-02-26,45.4,49.0,49.15,45.4,99374450.0
2020-02-27,44.5,46.7,46.9,44.5,63354165.0
2020-02-28,42.65,44.35,44.35,42.05,98343645.0
2020-03-02,43.05,42.45,43.45,41.0,72040280.0
2020-03-03,43.7,43.35,45.5,43.35,49981925.0
2020-03-04,46.0,43.7,46.0,43.6,43659525.0
2020-03-05,45.95,45.95,46.05,44.9,12728170.0
2020-03-06,44.95,45.75,45.75,44.55,23069855.0
2020-03-09,41.85,43.0,44.1,41.35,43050875.0
2020-03-10,40.45,41.3,41.3,39.1,52423320.0
2020-03-11,39.35,40.55,41.45,39.15,37965545.0
2020-03-12,37.7,39.9,39.9,37.5,84456235.0
2020-03-13,38.0,35.45,38.5,33.1,124520355.0
2020-03-16,35.25,35.0,37.7,35.0,94603105.0
2020-03-19,32.0,31.5,35.2,26.7,111375360.0
2020-03-20,30.95,32.15,33.95,30.5,59572405.0
2020-03-23,30.0,30.05,30.8,28.2,36309750.0
2020-03-24,29.5,31.0,31.4,29.5,42691165.0
2020-03-25,29.1,31.9,32.0,29.1,42920220.0
2020-03-26,30.85,30.45,33.45,29.7,53874070.0
2020-03-27,32.5,32.5,34.2,31.25,44855015.0
2020-03-30,35.2,33.2,35.2,30.65,21671065.0
2020-03-31,37.7,35.0,37.7,34.25,79222600.0
2020-04-01,38.75,37.7,38.75,35.5,53896535.0
2020-04-02,39.1,38.4,39.1,37.4,12616105.0
2020-04-03,39.9,39.1,39.9,38.0,31268375.0
2020-04-06,45.0,39.95,45.0,39.95,48387460.0
2020-04-07,44.6,45.1,46.0,43.55,101730770.0
2020-04-08,41.95,44.0,44.0,41.2,129646535.0
2020-04-13,43.1,42.7,43.5,41.4,52140560.0
2020-04-14,44.9,43.0,44.9,42.85,41328530.0
2020-04-15,48.45,44.95,49.0,44.4,73203910.0
2020-04-16,41.25,48.0,48.0,41.25,173838595.0
2020-04-17,44.05,43.0,44.95,42.0,122061810.0
2020-04-20,43.25,44.2,44.2,43.1,44847030.0
2020-04-21,43.9,43.2,43.9,42.0,34405710.0
2020-04-22,43.9,43.5,44.0,41.3,34951460.0
2020-04-23,43.5,43.9,43.9,43.2,15898715.0
2020-04-24,40.65,43.45,43.45,40.65,74413635.0
2020-04-27,42.5,41.0,42.5,40.4,17231975.0
2020-04-28,42.0,42.0,42.85,41.9,37297845.0
2020-04-29,41.5,42.0,42.75,41.15,31025145.0
2020-04-30,41.5,41.5,43.0,41.5,47124850.0
2020-05-04,40.05,41.0,41.0,39.2,31541010.0
2020-05-05,39.75,40.0,40.8,39.7,44010360.0
2020-05-06,38.6,39.8,39.85,38.0,71045635.0
2020-05-07,38.6,38.9,39.15,38.2,29126145.0
2020-05-08,38.3,38.65,39.4,38.0,26711815.0
2020-05-11,41.0,38.3,41.0,38.05,36860825.0
2020-05-12,41.05,40.9,41.35,40.15,13997240.0
2020-05-13,40.9,41.2,41.3,40.8,15566745.0
2020-05-14,42.0,41.35,42.0,39.4,25921325.0
2020-05-15,39.7,42.0,42.0,39.6,66200935.0
2020-05-18,38.25,39.7,39.8,38.15,22411545.0
2020-05-19,41.5,38.5,41.5,38.5,33904570.0
2020-05-20,41.9,41.0,41.95,39.7,19434230.0
2020-05-21,42.0,41.9,42.0,40.6,49332530.0
2020-05-22,41.5,41.5,41.95,40.75,9840250.0
2020-05-26,41.7,41.0,41.7,40.3,33776870.0
2020-05-27,41.7,41.2,41.7,40.35,30880850.0
2020-05-28,41.3,41.9,41.9,41.05,15655725.0
2020-05-29,42.9,40.6,42.9,40.6,160425290.0
2020-06-01,45.0,42.9,45.8,42.85,77506700.0
2020-06-02,45.1,45.0,46.8,44.8,40585745.0
2020-06-03,49.8,45.95,49.8,45.15,90927245.0
2020-06-04,52.0,49.5,52.0,49.5,120206815.0
2020-06-05,50.6,51.8,51.8,49.45,75847070.5
2020-06-08,52.2,50.8,52.95,50.8,75909864.5
2020-06-09,51.95,52.0,52.2,51.6,41215548.0
2020-06-10,49.2,51.7,51.95,48.5,58842135.0
2020-06-11,49.95,49.5,49.95,48.05,51585265.0
2020-06-15,45.8,49.0,49.0,45.8,147215560.0
2020-06-16,46.9,46.8,47.25,46.0,54154490.0
2020-06-17,47.05,47.4,47.4,46.85,80071075.0
2020-06-18,47.0,46.8,47.4,46.6,34346550.0
2020-06-19,50.0,46.1,50.1,46.05,143123420.0
2020-06-22,49.5,49.9,49.9,48.0,37460825.0
2020-06-23,48.15,49.5,49.5,47.8,53861665.0
2020-06-24,46.75,48.0,48.05,46.75,38477705.0
2020-06-25,45.2,46.2,46.5,45.1,41208980.0
2020-06-26,46.85,46.0,46.85,44.8,29430040.0
2020-06-29,45.25,46.75,46.75,44.85,49107805.0
2020-06-30,45.5,45.05,46.45,44.95,55352465.0
2020-07-01,46.5,46.25,46.5,44.95,27810520.0
2020-07-02,46.95,46.9,48.85,45.25,70103605.0
2020-07-03,48.5,48.0,48.5,46.4,20268370.0
2020-07-06,49.0,48.9,49.0,47.75,25291900.0
2020-07-07,49.3,48.95,49.3,48.5,50758220.0
2020-07-08,49.6,49.3,49.6,48.8,104017605.0
2020-07-09,49.2,49.65,49.65,49.05,43514435.0
2020-07-10,49.3,49.0,49.3,48.9,49078695.0
2020-07-13,48.85,49.3,49.45,48.85,36553225.0
2020-07-14,50.0,49.0,50.0,48.9,45378415.0
2020-07-15,48.2,49.3,49.4,47.95,65392175.5
2020-07-16,49.25,48.0,49.25,47.6,28284855.0
2020-07-17,49.75,48.95,49.75,48.95,55010025.0
2020-07-20,49.55,49.75,49.8,49.0,21738170.0
2020-07-21,51.6,49.7,51.6,49.25,48835020.0
2020-07-22,49.5,51.5,51.5,49.5,29141613.5
2020-07-23,49.45,49.85,49.85,48.05,24323030.0
2020-07-24,50.0,48.4,50.0,48.4,36695595.0
2020-07-27,49.0,50.0,50.0,48.55,33602739.0
2020-07-28,49.5,48.05,49.5,48.05,20784790.0
2020-07-29,49.5,49.0,49.5,48.6,17140820.0
2020-07-30,48.05,48.65,49.3,48.05,95800480.0
2020-08-03,45.6,47.8,48.5,42.05,63414050.0
2020-08-04,45.35,45.1,46.4,45.1,61209260.0
2020-08-05,45.8,46.0,46.05,45.4,41656340.0
2020-08-06,47.25,46.0,47.25,45.55,25014145.0
2020-08-07,48.0,47.1,48.0,46.35,18935205.0
2020-08-10,48.45,47.85,48.45,46.55,15332075.0
2020-08-11,48.25,48.45,48.55,47.9,20095370.0
2020-08-12,48.45,48.5,48.6,47.55,13041895.0
2020-08-13,49.8,48.55,49.8,47.7,21925170.0
2020-08-14,50.25,49.6,50.4,49.0,81223345.0
2020-08-17,50.2,49.45,50.25,49.3,11185191.5
2020-08-18,51.6,50.25,51.6,49.75,38575002.5
2020-08-19,49.6,51.55,51.55,49.6,18464134.0
2020-08-20,49.8,49.9,49.9,49.0,30789820.0
2020-08-24,48.65,49.8,50.0,48.65,39055505.0
2020-08-25,49.0,49.6,49.6,48.55,18445135.0
2020-08-26,48.2,48.6,49.0,48.2,37386145.0
2020-08-27,47.0,48.55,48.6,47.0,19681515.0
2020-08-28,48.0,47.8,48.0,46.05,105571550.0
2020-09-01,47.4,48.0,48.0,47.1,64920675.0
2020-09-02,47.0,47.4,47.4,46.4,41331610.0
2020-09-03,49.0,47.0,49.0,46.9,18435265.0
2020-09-04,49.35,47.0,49.35,47.0,60062250.0
2020-09-07,49.4,48.95,49.4,48.3,14574660.0
2020-09-08,48.95,49.4,49.4,48.8,23997370.0
2020-09-09,48.4,48.95,49.0,48.15,18621885.0
2020-09-10,47.5,48.3,48.9,47.1,34455080.0
2020-09-11,48.8,47.5,48.8,47.15,28692185.0
2020-09-14,47.8,47.8,48.7,47.8,16805390.0
2020-09-15,47.1,47.8,48.4,47.1,30878975.0
2020-09-16,47.4,47.1,47.55,46.8,20670005.0
2020-09-17,47.5,47.1,47.5,46.6,23927185.0
2020-09-18,48.0,47.6,48.0,47.15,40464265.0
2020-09-21,47.35,48.0,48.0,47.2,9450155.0
2020-09-22,46.5,47.2,47.25,46.5,27404290.0
2020-09-23,46.7,47.0,47.0,46.6,77374395.0
2020-09-24,46.0,46.85,46.9,46.0,18477770.0
2020-09-25,45.95,46.5,46.7,45.95,17242585.0
2020-09-28,45.05,46.0,46.5,45.05,20400075.0
2020-09-29,45.15,46.3,46.3,45.15,27923860.0
2020-09-30,46.0,45.2,46.0,45.2,51540985.0
2020-10-01,48.0,46.0,48.0,45.35,63998200.0
2020-10-02,48.7,47.95,48.7,47.1,25414170.0
2020-10-05,47.65,48.7,48.75,47.1,95035745.0
2020-10-06,45.5,47.5,47.5,45.15,96035180.0
2020-10-07,44.4,45.5,45.5,44.3,107377460.0
2020-10-08,44.0,44.55,45.15,43.65,174295240.0
2020-10-09,43.7,44.25,44.55,42.2,88304005.0
2020-10-12,43.25,43.7,43.8,43.25,39456095.0
2020-10-13,44.0,43.3,44.5,43.0,98335725.0
2020-10-14,44.95,44.4,44.95,43.8,122471005.0
2020-10-15,44.8,44.95,44.95,44.0,14417585.0
2020-10-16,42.95,44.7,44.8,42.95,27884395.0
2020-10-19,44.0,43.0,44.0,43.0,16874395.0
2020-10-20,43.4,43.95,45.2,43.4,28591380.0
2020-10-21,45.0,44.4,45.15,44.0,52351400.0
2020-10-22,45.5,45.5,45.55,43.4,77296435.0
2020-10-23,47.0,45.5,47.15,45.5,65963310.0
2020-10-26,46.95,46.85,47.3,46.0,40336295.0
2020-10-27,45.8,46.4,46.4,45.8,24527290.0
2020-10-28,44.5,45.8,45.9,44.5,101286430.0
2020-10-29,42.1,44.5,44.5,42.1,60643130.0
2020-10-30,44.55,42.95,44.55,42.55,66436205.0
2020-11-03,43.8,44.95,45.0,43.6,30329690.0
2020-11-04,44.0,44.5,45.0,43.85,57113740.0
2020-11-05,46.5,44.05,47.0,44.05,109541360.0
2020-11-06,47.6,46.4,47.6,45.65,87889625.0
2020-11-09,47.95,47.4,47.95,46.8,72488390.0
2020-11-10,48.9,48.0,48.9,47.95,82854930.0
2020-11-11,48.45,48.5,48.75,47.9,69927280.0
2020-11-13,47.25,48.4,48.5,47.25,56002655.0
2020-11-16,48.05,47.3,48.05,46.45,83118800.0
2020-11-17,48.0,48.05,48.05,47.4,67969815.0
2020-11-18,48.3,47.5,48.3,47.5,39759620.0
2020-11-19,47.5,47.95,48.1,46.65,43386390.0
2020-11-20,46.85,48.2,48.2,46.7,96420175.0
2020-11-23,46.9,46.85,47.95,46.8,50128925.0
2020-11-24,47.0,47.8,47.8,46.5,51925700.0
2020-11-25,45.25,46.95,47.25,45.05,87999860.0
2020-11-26,44.3,45.5,46.0,44.0,125901030.0
2020-11-27,42.2,44.3,44.45,42.2,424376730.0
2020-12-01,44.55,42.7,44.55,42.7,81940625.0
2020-12-02,45.75,44.55,45.75,44.5,71972770.0
2020-12-03,48.0,45.5,48.0,44.5,148773810.0
2020-12-04,47.5,47.0,47.5,46.45,46214850.0
2020-12-07,44.75,47.5,47.5,44.75,126334495.0
2020-12-09,45.75,46.0,46.05,45.05,135268185.0
2020-12-10,45.95,45.8,46.25,45.75,50149650.0
2020-12-11,46.5,45.85,47.5,45.85,71784840.0
2020-12-14,47.4,46.95,47.6,46.85,48159845.0
2020-12-15,47.0,47.4,47.4,46.85,57533940.0
2020-12-16,46.2,47.0,47.4,46.2,57586205.0
2020-12-17,46.25,46.25,47.0,46.2,50468845.0
2020-12-18,47.5,47.0,47.5,45.25,69746855.0
2020-12-21,46.1,47.0,47.05,45.9,95828260.0
2020-12-22,46.75,46.5,46.75,45.55,32997770.0
2020-12-23,46.75,46.65,46.75,45.95,20205525.0
2020-12-28,46.8,46.5,46.8,45.8,22263085.0
2020-12-29,47.25,46.8,47.4,46.05,51527735.0
2021-01-04,46.7,46.55,47.35,46.55,42691625.0
2021-01-05,47.5,46.7,47.5,46.5,39172750.0
2021-01-06,46.7,47.45,47.45,45.6,39001635.0
2021-01-07,47.6,47.3,47.7,46.9,45584970.0
2021-01-08,47.5,47.55,47.65,46.55,42576545.0
2021-01-11,47.5,47.55,48.2,47.45,62213320.0
2021-01-12,47.0,47.5,47.5,47.0,12389915.0
2021-01-13,46.5,47.0,47.05,46.1,58512570.0
2021-01-14,46.6,46.05,47.45,46.05,77536870.0
2021-01-15,46.35,47.35,47.35,46.15,41388240.0
2021-01-18,45.5,47.0,47.0,45.35,38782135.0
2021-01-19,44.85,45.5,46.0,44.8,113511685.0
2021-01-20,44.5,46.05,46.05,44.5,87605070.0
2021-01-21,44.4,45.0,45.85,44.4,40956575.0
2021-01-22,43.45,44.8,44.8,43.25,66355140.0
2021-01-25,43.4,43.4,43.45,43.3,60303805.0
2021-01-26,43.55,43.4,43.55,43.2,37989890.0
2021-01-27,43.0,43.8,43.8,42.35,59390835.0
2021-01-28,42.1,42.95,43.5,42.1,56034970.0
2021-01-29,39.8,42.5,42.9,39.5,160619070.0
2021-02-01,40.8,40.05,41.8,40.0,100181215.0
2021-02-02,42.5,41.5,43.0,41.5,39230345.0
2021-02-03,42.2,42.5,43.25,41.25,34949530.0
2021-02-04,43.5,42.2,43.5,42.0,36681140.0
2021-02-05,44.8,43.45,44.8,42.55,44149975.0
2021-02-08,44.0,44.75,44.75,43.65,37630330.0
2021-02-09,43.15,44.0,44.45,43.0,51506345.0
2021-02-10,43.15,43.2,44.6,43.15,62312255.0
2021-02-11,43.15,44.15,44.15,43.15,47109015.0
2021-02-15,42.3,43.05,43.15,42.1,37630635.0
2021-02-16,44.0,42.3,44.0,42.3,75680340.0
2021-02-17,43.85,42.85,43.95,42.85,13953930.0
2021-02-18,42.0,43.0,43.75,42.0,40536910.0
2021-02-19,43.6,42.0,43.6,42.0,68981050.0
2021-02-22,43.05,43.5,43.5,42.55,19733885.0
2021-02-23,43.8,43.05,43.8,42.25,29382765.0
2021-02-24,43.45,43.55,43.55,42.5,31558220.0
2021-02-26,42.15,43.45,43.45,42.15,125883890.0
2021-03-01,42.0,42.2,43.1,42.0,36973065.0
2021-03-02,42.55,42.85,43.2,42.1,30755165.0
2021-03-03,42.9,42.95,43.2,42.3,32825960.0
2021-03-04,42.6,42.9,42.9,42.1,23330890.0
2021-03-05,42.75,42.6,43.2,42.05,47390650.0
2021-03-08,42.0,42.75,42.75,41.2,27504735.0
2021-03-09,41.0,42.75,42.75,40.85,40492560.0
2021-03-10,42.0,41.05,42.0,40.85,36334590.0
2021-03-11,40.0,41.5,41.55,40.0,58916120.0
2021-03-12,39.5,40.85,41.4,39.4,63836770.0
2021-03-15,37.8,40.0,40.45,37.6,90211670.0
2021-03-16,35.6,38.15,38.2,35.6,144436025.0
2021-03-17,36.1,36.25,36.95,36.05,98877020.0
2021-03-18,37.25,36.5,37.3,36.45,74845920.0
2021-03-19,36.05,37.3,37.3,36.05,101194165.0
2021-03-22,37.0,36.0,37.0,35.7,36469940.0
2021-03-23,35.65,36.25,37.2,35.65,103581715.0
2021-03-24,35.0,35.75,36.5,34.7,96610840.0
2021-03-25,35.05,35.5,36.1,35.05,96475675.0
2021-03-26,35.55,35.75,36.05,35.4,47928860.0
2021-03-29,36.35,35.0,36.4,35.0,43983980.0
2021-03-30,35.3,36.4,36.4,35.1,83532220.0
2021-03-31,34.5,36.0,36.0,34.5,105888205.0
2021-04-05,35.5,35.2,35.55,34.5,51375085.0
2021-04-06,36.1,35.6,36.25,35.55,56758345.0
2021-04-07,36.25,36.35,36.4,35.6,46073640.0
2021-04-08,35.5,36.25,36.35,35.5,35113285.0
2021-04-12,35.0,36.2,36.3,35.0,66854125.0
2021-04-13,35.4,35.1,35.9,34.7,41917995.0
2021-04-14,35.8,35.45,35.8,34.85,35142465.0
2021-04-15,35.75,35.8,35.8,35.2,55689960.0
2021-04-16,35.0,35.5,35.85,35.0,30717905.0
2021-04-19,34.7,35.7,35.7,34.65,23911435.0
2021-04-20,35.3,34.8,35.35,34.75,10226735.0
2021-04-21,34.5,35.5,35.65,34.5,55945355.0
2021-04-22,34.8,34.55,35.0,34.0,37115205.0
2021-04-23,34.8,34.5,34.8,34.5,36757850.0
2021-04-26,34.05,34.8,35.1,34.05,34609455.0
2021-04-27,34.0,34.15,34.85,34.0,54170915.0
2021-04-28,35.35,34.8,35.4,34.8,125619540.0
2021-04-29,36.25,35.65,36.75,35.65,95025625.0
2021-04-30,35.5,36.4,36.55,35.5,55745925.0
2021-05-03,35.75,36.45,36.45,35.75,24288895.0
2021-05-04,35.75,35.8,36.25,35.6,25313975.0
2021-05-05,35.3,35.65,36.2,35.3,25013145.0
2021-05-06,34.7,35.5,35.8,34.7,39614845.0
2021-05-07,34.4,35.05,35.3,34.4,52966830.0
2021-05-10,34.9,35.0,35.25,34.85,23415625.0
2021-05-11,35.95,34.9,36.1,34.55,58068835.0
2021-05-12,35.0,35.9,35.9,34.8,18977350.0
2021-05-14,35.8,35.25,35.8,34.0,52306030.0
2021-05-17,34.7,35.45,35.45,34.5,31468785.0
2021-05-18,34.85,34.75,35.25,34.6,21145485.0
2021-05-19,35.0,34.85,35.15,34.65,11819610.0
2021-05-20,34.5,35.0,35.15,34.5,38802090.0
2021-05-21,34.75,34.85,35.0,34.5,13756045.0
2021-05-24,34.9,34.6,34.95,34.2,24696485.0
2021-05-25,35.0,34.9,35.0,34.6,32374735.0
2021-05-26,35.95,35.1,36.5,35.0,57263960.0
2021-05-27,40.0,36.0,40.0,35.95,226885005.0
2021-05-28,40.0,38.9,40.9,38.65,127719960.0
2021-05-31,40.35,39.9,40.35,39.0,46081370.0
2021-06-01,38.95,40.0,40.0,38.75,28435060.0
2021-06-02,39.7,39.0,40.1,38.95,32194290.0
2021-06-03,38.75,39.7,40.0,38.75,41423090.0
2021-06-04,38.65,39.4,39.4,38.65,23515900.0
2021-06-07,39.2,38.65,39.45,38.65,16551140.0
2021-06-08,39.8,39.3,40.1,39.3,60332285.0
2021-06-09,40.15,39.8,41.25,39.5,118302095.0
2021-06-10,40.85,40.9,41.0,40.5,37227070.0
2021-06-11,41.0,40.9,41.0,40.75,34026030.0
2021-06-14,42.25,41.25,42.4,41.1,22241590.0
2021-06-15,43.7,42.05,43.7,42.0,76770435.0
2021-06-16,42.9,43.5,43.55,42.6,33181165.0
2021-06-17,42.65,43.0,43.05,42.6,40324650.0
2021-06-18,42.5,42.6,42.65,42.25,71713575.0
2021-06-21,42.2,42.35,42.35,42.05,64910020.0
2021-06-22,42.5,42.2,42.95,42.2,51686790.0
2021-06-23,42.3,42.25,42.75,42.25,68321060.0
2021-06-24,42.3,42.25,42.65,42.05,29185200.0
2021-06-25,43.0,42.1,43.0,42.1,15735340.0
2021-06-28,42.9,42.3,42.9,42.3,24189115.0
2021-06-29,42.3,42.85,42.85,42.3,26937365.0
2021-06-30,42.15,42.4,42.95,42.15,34786180.0
2021-07-01,42.5,42.8,42.85,42.2,11966240.0
2021-07-02,42.55,42.8,42.8,42.35,15309070.0
2021-07-05,42.3,42.55,42.8,42.2,26152015.0
2021-07-06,42.05,42.5,42.55,42.05,37881765.0
2021-07-07,41.85,42.3,42.3,41.5,20025080.0
2021-07-08,42.2,41.85,42.2,41.85,10778740.0
2021-07-09,41.5,42.0,42.0,40.4,68028580.0
2021-07-12,41.75,41.5,41.9,40.6,8108240.0
2021-07-13,41.75,41.35,41.8,41.35,21566960.0
2021-07-14,41.3,41.8,41.8,41.05,65081835.0
2021-07-15,40.0,41.3,41.3,40.0,79980095.0
2021-07-16,40.6,40.0,40.95,40.0,19878450.0
2021-07-19,39.6,40.1,40.1,39.1,30122405.0
2021-07-21,38.0,39.65,39.65,38.0,34425180.0
2021-07-22,39.0,38.1,39.7,38.0,37137450.0
2021-07-23,39.7,39.6,39.7,38.25,33409290.0
2021-07-26,39.0,39.65,39.65,38.65,29339460.0
2021-07-27,39.95,39.0,40.1,38.7,42513895.0
2021-07-28,40.0,40.0,40.0,39.05,52777660.0
2021-07-29,39.5,39.8,40.2,39.5,28378640.0
2021-07-30,37.6,39.9,39.9,37.6,50810265.0
2021-08-02,38.5,37.65,38.5,37.6,43414220.0
2021-08-03,39.5,38.5,39.5,38.3,448169910.0
2021-08-04,39.95,39.55,40.0,39.55,19815535.0
2021-08-05,40.05,40.0,40.35,39.5,25207295.0
2021-08-06,40.55,40.2,40.55,40.05,23937840.0
2021-08-09,40.0,40.5,41.0,40.0,17593985.0
2021-08-10,40.2,40.2,40.9,40.0,12311140.0
2021-08-11,40.0,40.2,40.85,39.85,45091045.0
2021-08-12,39.25,39.95,39.95,39.25,11371190.0
2021-08-13,37.0,39.3,39.9,37.0,41385370.0
2021-08-16,39.0,37.9,39.0,37.9,79491425.0
2021-08-17,39.65,39.0,39.75,39.0,16656175.0
2021-08-18,39.75,39.75,39.8,39.4,34842185.0
2021-08-19,41.3,40.0,41.3,39.35,52427360.0
2021-08-20,40.4,41.25,41.25,40.1,17529700.0
2021-08-23,39.55,40.5,40.8,39.55,12376495.0
2021-08-24,40.4,40.0,40.6,39.75,16313160.0
2021-08-25,41.5,40.6,41.5,40.05,18773845.0
2021-08-26,42.0,41.6,42.0,41.3,47422230.0
2021-08-27,40.3,41.0,41.8,40.3,19549760.0
2021-08-31,43.05,40.9,43.05,40.3,160286025.0
2021-09-01,43.75,42.9,44.1,42.55,63945380.0
2021-09-02,44.0,43.95,44.4,43.9,62670455.0
2021-09-03,44.9,44.0,44.9,44.0,45238950.0
2021-09-06,44.95,44.9,44.95,44.05,26082865.0
2021-09-07,44.5,44.85,44.85,44.2,22031025.0
2021-09-08,44.5,44.5,44.65,43.8,64802435.0
2021-09-09,44.8,44.35,44.8,44.0,19822785.0
2021-09-10,46.0,44.1,46.0,44.1,97591285.0
2021-09-13,45.85,46.0,46.0,44.5,34818615.0
2021-09-14,45.1,45.85,46.0,45.1,46379985.0
2021-09-15,44.75,45.2,46.0,44.2,77648725.0
2021-09-16,47.1,44.75,47.3,44.75,87203930.0
2021-09-17,50.0,47.35,50.0,46.05,182062360.0
2021-09-20,50.55,49.5,50.55,47.9,221719099.0
2021-09-21,54.2,49.0,54.2,48.55,380240796.5
2021-09-22,53.95,54.0,54.0,51.8,93102176.5
2021-09-23,53.15,52.45,53.65,52.45,53343212.5
2021-09-24,52.0,53.4,53.5,52.0,56810650.0
2021-09-27,53.1,52.15,54.05,52.15,51808152.0
2021-09-28,47.5,54.05,54.05,47.5,188684339.5
2021-09-29,49.9,48.4,49.9,46.0,75047970.0
2021-09-30,48.6,48.7,51.1,48.6,226830395.0
2021-10-01,49.0,50.0,50.0,48.5,74229755.0
2021-10-04,49.0,49.0,51.0,48.8,100308410.0
2021-10-05,50.15,49.65,50.2,48.95,91026345.0
2021-10-06,49.0,50.1,50.35,49.0,38500558.5
2021-10-07,46.75,49.0,49.85,46.75,45318135.0
2021-10-08,46.7,47.25,48.45,46.7,98666200.0
2021-10-11,47.75,46.75,47.95,46.75,32182020.0
2021-10-12,46.95,47.75,48.4,46.95,73511220.0
2021-10-13,47.0,46.95,48.15,46.95,238791510.0
2021-10-14,47.35,47.85,48.1,47.2,222556115.0
2021-10-15,48.45,47.35,48.6,47.35,29043400.0
2021-10-18,48.5,48.5,48.95,48.0,54612765.0
2021-10-19,49.85,48.6,49.85,48.6,46806085.0
2021-10-20,49.5,49.9,50.3,49.3,95766400.0
2021-10-21,52.2,49.6,52.25,49.6,140907175.0
2021-10-22,51.3,52.0,52.0,50.25,43678551.0
2021-10-25,50.6,51.4,51.4,49.6,36928680.5
2021-10-26,49.3,50.6,50.6,49.3,52624763.0
2021-10-27,48.65,49.3,49.3,48.25,61569000.0
2021-10-28,48.2,48.65,49.4,48.05,70139310.0
2021-10-29,48.4,48.25,49.5,47.8,98780325.0
2021-11-02,49.7,49.4,50.45,48.45,87904245.0
2021-11-03,50.35,50.0,50.6,50.0,66922595.0
2021-11-04,51.0,50.6,51.5,50.5,71415274.0
2021-11-05,51.45,51.65,51.65,50.65,725809415.0
2021-11-08,51.45,51.45,51.6,51.25,73386435.0
2021-11-09,51.1,51.5,51.95,51.1,49666253.0
2021-11-10,52.0,51.85,52.0,50.75,60983373.0
2021-11-11,51.3,51.75,51.75,50.65,58763628.0
2021-11-12,51.1,51.3,51.3,50.2,37284934.5
2021-11-15,51.0,51.1,51.1,50.05,54703770.5
2021-11-16,51.0,50.65,51.0,49.35,72471479.0
2021-11-17,51.0,51.0,51.0,50.05,66423887.5
2021-11-18,51.25,51.0,51.35,50.6,125712509.5
2021-11-19,50.8,51.3,51.5,48.9,71819229.0
2021-11-22,50.9,50.8,50.9,49.5,83456171.0
2021-11-23,51.4,50.0,52.0,50.0,48969327.5
2021-11-24,52.0,51.4,52.0,51.0,39723782.5
2021-11-25,51.85,51.5,52.0,51.2,25604391.0
2021-11-26,52.0,51.7,52.0,50.35,45017300.0
2021-11-29,49.1,50.25,51.45,49.1,277378409.5
2021-12-01,48.5,49.4,49.85,47.8,138777265.0
2021-12-02,50.3,48.6,53.4,48.35,145971685.0
2021-12-03,51.45,51.0,51.5,50.3,165882692.0
2021-12-06,53.2,51.4,53.25,50.55,134229951.5
2021-12-07,53.5,53.2,53.5,52.35,51103605.0
2021-12-09,55.4,52.15,56.05,52.15,145787582.0
2021-12-10,57.9,55.4,58.55,54.9,184675730.0
2021-12-13,58.4,57.5,58.5,56.5,85256137.0
2021-12-14,58.4,58.35,58.5,57.7,157329791.0
2021-12-15,57.5,58.1,58.35,55.1,161752695.0
2021-12-16,56.3,55.55,58.0,55.55,103407934.0
2021-12-17,55.6,56.3,57.75,55.6,127361362.5
2021-12-20,56.3,55.6,56.4,55.25,69834408.5
2021-12-21,56.25,56.25,56.7,55.8,33776006.5
2021-12-22,57.2,55.7,57.4,55.7,4945253.0
2021-12-23,58.05,57.2,58.25,57.05,74849361.0
2021-12-24,56.5,58.1,58.15,56.5,14997162.0
2021-12-27,58.0,56.55,58.15,56.5,26184595.0
2021-12-28,59.05,58.05,59.85,57.1,65712827.5
2021-12-29,58.3,59.45,59.45,57.65,93379481.0
2021-12-31,54.45,57.9,57.9,54.45,99646325.5
2022-01-03,55.75,54.45,56.45,52.35,134805806.5
2022-01-05,55.4,55.75,56.25,53.0,66458171.0
2022-01-06,56.7,55.35,56.7,53.5,74834596.5
2022-01-07,56.7,56.4,56.75,54.85,63983320.5
2022-01-10,58.5,56.6,58.95,54.85,158965097.0
2022-01-11,58.5,58.5,59.75,58.05,170366454.5
2022-01-12,59.5,58.5,59.5,58.05,63825634.0
2022-01-13,60.0,59.5,60.1,59.0,141647266.0
2022-01-14,60.0,60.0,64.25,59.85,138977850.5
2022-01-17,60.1,60.5,61.25,60.0,27478003.5
2022-01-18,60.85,60.5,61.7,60.2,40074504.0
2022-01-19,62.3,60.3,62.3,60.0,62641042.0
2022-01-20,60.35,62.3,62.9,60.35,73049397.0
2022-01-21,62.95,60.7,62.95,60.7,51657232.0
2022-01-24,63.5,62.95,63.5,61.85,37503605.5
2022-01-25,64.05,63.5,64.05,62.0,69735090.0
2022-01-26,62.5,63.0,63.5,61.85,112189169.0
2022-01-27,63.0,62.5,63.35,62.0,42436145.0
2022-01-28,62.5,62.95,63.05,62.15,45266738.5
2022-01-31,63.0,63.1,65.15,62.6,152550647.5
2022-02-02,62.5,63.0,63.4,62.05,48276648.5
2022-02-03,60.0,62.5,63.0,60.0,60511308.0
2022-02-04,62.0,60.35,62.0,60.35,32915595.5
2022-02-07,61.0,62.0,62.0,60.55,46891641.5
2022-02-08,61.0,61.25,61.9,60.7,50091667.5
2022-02-09,60.45,60.8,61.8,60.45,33976894.5
2022-02-10,59.5,60.45,61.0,59.05,47674307.5
2022-02-11,57.5,60.8,60.8,56.55,247156449.5
2022-02-14,58.05,57.4,59.0,57.4,57395711.0
2022-02-15,60.9,58.2,60.9,58.2,71244982.0
2022-02-16,63.0,60.85,63.0,59.5,79008396.5
2022-02-17,62.8,62.0,62.9,61.75,58177734.5
2022-02-18,61.2,62.0,62.2,60.5,62678713.5
2022-02-21,61.2,61.2,61.45,59.65,38951838.5
2022-02-22,63.0,60.2,63.0,60.2,60647538.0
2022-02-23,61.8,63.0,63.25,61.05,27437673.5
2022-02-24,59.95,61.8,62.7,59.95,31212702.5
2022-02-28,59.9,59.8,60.5,59.45,86459028.5
2022-03-01,62.0,60.5,62.0,59.35,44612546.5
2022-03-02,61.0,62.0,62.0,60.5,32122358.5
2022-03-03,62.4,61.0,62.4,61.0,19880480.5
2022-03-04,61.5,61.9,61.95,61.1,16650646.5
2022-03-07,61.8,61.5,61.8,59.95,42031563.5
2022-03-08,58.7,60.6,61.65,58.7,70026699.5
2022-03-09,57.75,58.7,60.1,57.75,90599877.5
2022-03-10,59.45,58.5,59.45,58.2,54978225.5
2022-03-11,61.0,58.8,61.0,58.4,35410414.0
2022-03-14,60.0,61.0,61.0,57.0,115759115.5
2022-03-15,59.9,59.9,59.9,56.35,75968400.5
2022-03-16,59.0,59.9,59.9,58.95,88393237.5
2022-03-17,58.55,59.0,60.0,58.55,55824895.0
2022-03-18,56.75,58.45,59.0,56.75,120189900.0
2022-03-21,57.5,57.0,57.8,56.75,77680670.5
2022-03-22,57.0,57.45,62.0,54.0,209172718.5
2022-03-23,57.3,57.0,58.4,57.0,88002994.5
2022-03-24,58.0,57.95,58.15,57.0,43692263.0
2022-03-25,58.95,58.0,58.95,58.0,36120713.5
2022-03-28,59.1,58.95,59.1,57.95,44696681.0
2022-03-29,59.0,57.9,59.0,57.9,46246065.5
2022-03-30,58.6,59.0,59.0,57.65,55956621.5
2022-03-31,59.5,58.7,59.5,57.9,56985058.5
2022-04-01,59.55,59.5,59.55,58.55,29024510.5
2022-04-04,60.0,59.6,60.0,59.55,64066282.0
2022-04-05,60.0,59.6,60.0,59.6,136877412.5
2022-04-06,57.9,60.0,60.0,57.9,30255094.5
2022-04-07,56.5,58.5,58.9,56.0,93896417.0
2022-04-08,56.5,56.5,57.05,56.2,32761794.5
2022-04-11,55.8,57.0,57.0,55.8,38712172.5
2022-04-12,55.5,56.8,56.8,55.0,33886785.0
2022-04-13,57.65,55.5,57.65,55.45,65361294.0
2022-04-18,56.75,57.65,57.65,56.1,24180466.5
2022-04-19,55.0,56.75,57.2,55.0,63327129.5
2022-04-20,56.3,55.35,56.6,55.35,56922667.5
2022-04-21,56.0,56.3,56.6,55.75,98648065.0
2022-04-22,56.85,56.0,56.85,55.55,48139509.5
2022-04-25,56.9,56.8,56.9,55.5,40087806.0
2022-04-26,56.1,56.3,56.7,55.65,35944278.5
2022-04-27,54.5,55.8,56.5,53.2,62201110.0
2022-04-28,54.45,54.0,54.45,53.3,56193673.0
2022-04-29,50.6,54.45,54.45,50.6,72591954.0
2022-05-02,50.7,51.0,51.6,50.15,47469520.5
2022-05-04,51.65,50.7,51.65,50.2,49401188.0
2022-05-05,51.65,51.95,52.05,50.0,98806604.5
2022-05-06,50.5,50.6,51.65,50.5,88785207.5
2022-05-10,51.25,49.8,51.25,49.4,56745233.0
2022-05-11,50.05,50.15,51.2,50.05,145198987.0
2022-05-12,50.0,50.0,50.8,49.9,123121862.0
2022-05-13,47.0,49.9,49.9,47.0,274490784.0
2022-05-16,47.3,47.2,48.0,44.85,353306855.0
2022-05-17,48.0,46.5,48.2,45.6,166975655.0
2022-05-18,48.1,48.0,48.6,47.6,81160405.0
2022-05-19,47.9,47.5,48.15,47.35,103693265.0
2022-05-20,48.0,47.95,48.45,47.5,54974575.0
2022-05-23,48.2,48.5,48.9,47.95,51675865.0
2022-05-24,46.9,48.25,48.25,46.85,49811915.0
2022-05-25,47.05,46.95,47.7,46.2,13348005.0
2022-05-26,49.6,47.8,49.6,47.6,56222945.0
2022-05-27,51.0,49.6,51.45,48.25,138777330.0
2022-05-30,52.5,51.0,53.7,50.7,72365637.5
2022-05-31,53.0,53.5,54.15,51.55,1042771950.0
2022-06-01,51.5,53.0,53.5,51.2,58257730.0
2022-06-02,52.4,51.5,52.4,50.5,112116796.0
2022-06-03,51.2,52.4,52.4,50.85,61241319.5
2022-06-06,51.7,51.2,51.95,50.75,8932729.0
2022-06-07,53.0,51.7,53.05,50.8,105422916.0
2022-06-08,52.0,53.0,53.0,51.3,39491817.5
2022-06-09,51.5,52.5,52.5,51.25,43682291.5
2022-06-10,49.7,51.8,51.8,49.3,43212067.5
2022-06-13,49.5,49.55,49.7,48.6,28216850.0
2022-06-14,51.1,48.75,51.1,48.5,62919265.0
2022-06-15,48.2,49.9,50.45,48.05,43052096.0
2022-06-16,50.0,48.7,50.0,48.7,140695540.0
2022-06-17,48.65,49.0,50.1,48.1,48491054.5
2022-06-20,49.2,48.65,49.2,48.0,67795.0
2022-06-21,49.2,49.0,49.2,48.1,29284655.0
2022-06-22,48.95,48.2,49.45,48.2,18314510.0
2022-06-23,49.0,49.3,49.3,48.05,55514555.0
2022-06-24,51.5,49.3,51.5,49.1,45269820.0
2022-06-27,51.45,51.5,51.5,50.3,240337345.5
2022-06-28,51.1,51.4,51.45,50.5,88978391.0
2022-06-29,49.35,51.1,51.45,49.35,33279740.0
2022-06-30,47.55,50.5,50.6,47.0,102528490.0
2022-07-01,48.5,48.25,48.8,48.25,33677635.0
2022-07-04,47.25,48.45,48.45,45.95,91338255.0
2022-07-05,49.0,48.0,49.0,47.75,29850920.0
2022-07-06,49.4,48.45,49.55,48.45,37432175.0
2022-07-07,50.15,49.4,50.15,48.1,32628730.0
2022-07-08,51.2,50.1,53.5,48.85,106537170.5
2022-07-11,50.5,50.85,52.8,49.45,63829336.0
2022-07-12,50.0,51.3,51.45,50.0,17149948.5
2022-07-13,49.0,50.0,50.85,49.0,16533883.0
2022-07-14,50.85,49.8,50.85,48.5,41433770.0
2022-07-15,51.0,50.85,51.0,50.05,15829069.5
2022-07-18,51.9,50.9,51.9,50.25,32773521.5
2022-07-19,51.0,51.9,51.9,50.95,42049516.5
2022-07-20,51.5,51.05,52.45,51.05,62266897.0
2022-07-21,52.4,51.55,52.65,50.2,102568243.5
2022-07-22,52.4,52.4,52.5,51.2,42926178.0
2022-07-25,52.0,52.4,52.4,51.05,37889083.5
2022-07-26,53.2,52.0,53.25,52.0,43935441.0
2022-07-27,55.0,53.45,55.05,52.25,108320692.5
2022-07-28,57.5,55.0,57.5,55.0,185049341.0
2022-07-29,57.05,57.5,57.6,55.5,137982057.5
2022-08-01,59.0,57.35,59.0,55.4,64010023.0
2022-08-02,58.0,58.8,58.8,56.45,166768875.5
2022-08-03,58.9,57.5,59.75,57.2,177490445.5
2022-08-04,59.0,59.0,59.5,58.0,139808724.0
2022-08-05,58.2,59.0,59.5,58.2,92194755.0
2022-08-08,57.3,58.2,58.2,57.0,100385877.0
2022-08-09,58.15,57.3,58.5,57.25,94360293.0
2022-08-10,57.35,58.1,58.1,56.3,253750247.5
2022-08-11,59.7,57.5,61.0,57.35,526793169.0
2022-08-12,59.45,59.7,59.7,58.8,112454740.5
2022-08-15,59.7,59.7,60.25,59.05,102054177.5
2022-08-16,60.2,59.95,60.2,59.5,180376690.0
2022-08-17,61.2,60.35,61.95,60.2,93016033.0
2022-08-18,61.0,61.2,61.3,60.55,144106361.0
2022-08-19,60.4,61.1,61.2,59.25,35108617.0
2022-08-22,57.5,59.9,59.9,57.4,119269533.0
2022-08-23,56.0,57.45,57.45,55.65,95321167.5
2022-08-24,56.5,55.6,56.65,55.6,96789493.5
2022-08-25,57.35,56.5,57.35,56.1,88459187.0
2022-08-26,59.0,58.0,61.0,57.35,218468503.5
2022-08-30,58.0,57.0,58.8,56.5,59350943.5
2022-08-31,56.15,57.75,57.95,56.15,105992052.0
2022-09-01,55.0,56.1,57.0,55.0,114309073.0
2022-09-02,59.4,55.2,59.4,55.15,143488996.5
2022-09-05,58.0,58.85,58.85,57.55,24622101.0
2022-09-06,59.95,58.0,59.95,57.55,64711154.0
2022-09-07,58.3,59.8,59.8,57.8,68056849.0
2022-09-08,58.25,58.35,58.4,58.0,60572649.0
2022-09-09,57.8,58.5,58.5,57.8,20805783.0
2022-09-12,59.1,57.8,59.6,57.8,45257557.0
2022-09-13,59.1,59.35,59.35,58.6,33548770.5
2022-09-14,56.2,58.6,58.65,56.2,60952748.5
2022-09-15,57.1,56.5,57.7,56.3,72655942.5
2022-09-16,56.85,57.0,57.8,56.25,60984880.5
2022-09-19,57.25,56.95,58.75,56.95,137899273.5
2022-09-20,57.5,57.65,58.5,57.5,110041108.5
2022-09-21,57.5,58.0,58.0,56.6,88300153.5
2022-09-22,58.0,57.6,58.0,56.3,50400099.5
2022-09-23,57.45,58.3,58.3,57.05,20792993.5
2022-09-27,55.05,57.05,57.85,54.05,93255960.0
2022-09-28,55.2,55.85,55.85,54.35,51875824.0
2022-09-29,56.9,55.75,56.9,55.3,38773236.0
2022-09-30,53.65,55.55,56.0,53.65,67442333.0
2022-10-03,52.0,53.65,53.65,50.2,57421687.0
2022-10-04,55.8,52.6,55.8,52.5,56082222.5
2022-10-05,56.9,55.8,57.05,55.0,66269784.0
2022-10-06,56.0,57.05,57.05,55.35,83114263.0
2022-10-07,56.6,56.5,57.1,55.0,26003440.5
2022-10-10,54.6,55.55,57.05,53.5,54179633.0
2022-10-11,56.8,54.5,56.85,54.5,64501898.0
2022-10-12,56.8,56.3,56.9,56.3,25531781.0
2022-10-13,56.3,56.5,58.1,56.3,92708157.0
2022-10-14,57.9,57.4,57.9,56.5,45574861.0
2022-10-17,58.0,57.6,58.65,57.4,114085409.0
2022-10-18,59.5,58.15,60.05,58.15,112919846.0
2022-10-19,59.0,59.5,59.9,58.8,84180519.5
2022-10-20,56.9,59.3,59.3,56.8,60797816.0
2022-10-21,55.8,56.95,57.95,55.8,92798519.5
2022-10-26,57.4,57.3,57.9,56.65,22411175.5
2022-10-27,57.45,57.55,57.65,57.0,95532078.0
2022-10-28,56.7,57.35,57.75,56.7,27831564.0
2022-11-02,57.25,56.7,57.85,56.7,60211818.5
2022-11-03,57.0,57.15,57.85,56.85,31494795.0
2022-11-04,57.2,57.8,57.8,56.3,75891019.0
2022-11-07,57.2,56.0,57.3,56.0,84158571.5
2022-11-08,56.3,57.6,57.75,56.3,29557330.5
2022-11-09,57.3,56.8,57.55,56.4,105666136.5
2022-11-10,56.5,57.5,57.5,56.3,28617878.5
2022-11-11,56.8,57.5,57.8,56.55,66154883.5
2022-11-14,58.5,56.85,58.5,56.8,146981415.5
2022-11-15,57.7,57.2,58.2,57.1,129136100.5
2022-11-16,55.25,57.7,57.9,55.0,132940150.0
2022-11-17,56.35,55.3,56.55,55.3,138538446.0
2022-11-18,56.75,56.8,56.8,56.05,38053325.5
2022-11-21,57.3,56.8,57.3,56.25,29024585.0
2022-11-22,57.0,57.2,57.3,56.55,58249361.5
2022-11-23,55.55,56.85,57.3,55.55,147148843.0
2022-11-24,55.9,55.7,56.45,55.7,93750054.0
2022-11-25,56.5,55.95,56.5,55.75,111860949.5
2022-11-28,56.35,56.6,57.2,56.1,94210332.0
2022-11-29,60.0,56.5,60.0,56.35,430663563.0
2022-12-01,57.5,58.6,59.8,57.2,137496527.0
2022-12-02,55.1,57.3,57.7,55.0,118275614.0
2022-12-05,54.3,55.15,56.6,54.3,73601549.5
2022-12-06,55.45,54.1,55.45,54.05,70705249.0
2022-12-07,53.8,55.15,55.4,53.8,56894069.0
2022-12-09,54.0,53.85,54.8,53.8,35466872.5
2022-12-12,54.1,54.7,54.7,53.6,58332586.0
2022-12-13,54.4,54.65,54.65,53.95,46772481.5
2022-12-14,54.85,54.5,54.85,54.15,57418458.0
2022-12-15,54.3,54.65,54.75,54.1,27093604.0
2022-12-16,54.9,54.1,55.0,54.05,52198990.0
2022-12-19,55.0,54.9,55.0,54.05,16632272.5
2022-12-20,56.4,55.0,56.4,54.3,49877491.0
2022-12-21,56.5,56.3,56.5,55.5,25985041.0
2022-12-22,57.0,56.5,57.35,56.5,23007838.0
2022-12-23,56.8,56.75,56.8,56.15,8643281.5
2022-12-27,56.2,57.0,57.3,56.2,13024372.0
2022-12-28,57.75,56.2,57.75,56.2,12280398.0
2022-12-29,57.7,56.75,58.05,56.75,84405602.5
2023-01-03,57.7,57.7,57.7,57.05,30242866.0
2023-01-04,58.9,57.7,59.0,57.45,82360149.0
2023-01-05,59.95,58.9,59.95,58.45,111100064.5
2023-01-06,58.7,60.0,60.0,57.7,85291198.5
2023-01-09,60.0,58.45,60.0,58.45,77190311.0
2023-01-10,59.0,60.0,60.0,58.55,23338269.5
2023-01-11,58.7,59.8,59.9,58.4,28008911.5
2023-01-12,59.5,59.15,59.55,58.5,34983095.0
2023-01-13,59.7,59.5,60.2,58.75,125051075.5
2023-01-16,59.05,59.8,61.25,59.05,155745990.5
2023-01-17,58.0,59.5,60.0,58.0,49642620.0
2023-01-18,57.85,58.0,59.0,57.85,96199386.5
2023-01-19,57.9,57.5,58.3,57.4,167685815.0
2023-01-20,58.4,58.0,58.8,58.0,50082392.5
2023-01-23,58.7,58.45,58.75,56.95,38549349.5
2023-01-24,57.85,58.7,59.6,57.3,52866651.0
2023-01-25,58.5,58.65,58.7,58.15,35466525.5
2023-01-26,57.5,59.0,59.1,57.5,37367871.0
2023-01-27,59.0,58.75,59.0,57.85,48235967.5
2023-01-30,59.25,59.0,59.25,58.0,47640301.5
2023-01-31,56.85,58.3,58.95,56.5,111829512.5
2023-02-01,59.15,56.9,59.15,56.6,97680621.0
2023-02-02,59.25,59.0,59.25,58.0,94938994.5
2023-02-03,58.05,59.25,59.3,56.35,148256359.5
2023-02-06,57.1,58.5,58.5,56.8,57425891.0
2023-02-07,58.2,57.9,58.2,57.1,38567419.0
2023-02-08,56.5,58.2,58.45,56.5,35064858.0
2023-02-09,56.95,57.2,57.2,56.65,25959348.0
2023-02-10,57.9,57.3,57.9,56.55,31017677.5
2023-02-13,56.2,57.95,57.95,56.2,61614569.0
2023-02-14,54.55,56.25,56.85,54.55,154662744.5
2023-02-15,54.65,55.15,55.8,54.2,47723735.0
2023-02-16,55.2,54.65,55.7,54.65,64441474.5
2023-02-17,55.5,55.2,55.5,54.25,67762808.5
2023-02-20,54.5,55.4,55.4,54.0,54501481.5
2023-02-21,55.0,54.65,55.0,54.0,62658637.5
2023-02-22,54.0,54.95,55.0,53.5,66397163.5
2023-02-23,55.0,54.5,55.0,53.6,34749623.5
2023-02-27,54.0,55.0,55.0,53.55,54551213.0
2023-02-28,54.0,54.5,54.8,54.0,252393692.0
2023-03-01,53.85,55.0,55.0,53.6,60215619.5
2023-03-02,54.0,54.2,54.85,53.85,45074635.0
2023-03-03,53.95,54.5,54.5,53.85,57558792.5
2023-03-06,53.8,54.0,54.6,53.8,47977254.0
2023-03-07,53.9,54.5,54.6,53.65,91334144.0
2023-03-08,52.6,53.75,53.9,52.1,104082767.0
2023-03-09,51.45,53.2,53.2,51.4,51978396.0
2023-03-10,50.3,51.45,51.45,50.25,3184856262.5
2023-03-13,52.5,50.3,52.5,50.25,73209738.0
2023-03-14,50.8,54.0,54.0,50.2,35702465.0
2023-03-15,49.35,50.0,51.15,48.5,98289029.0
2023-03-16,49.9,50.0,50.0,47.55,54209095.0
2023-03-17,51.05,49.9,51.05,48.8,56438015.0
2023-03-20,53.95,50.95,53.95,50.1,119777474.5
2023-03-21,52.35,53.5,53.9,51.45,20186805.5
2023-03-22,51.4,52.2,53.1,51.4,50544941.5
2023-03-23,52.35,51.45,52.5,50.95,33295740.5
2023-03-24,51.2,52.4,52.6,51.1,15668289.0
2023-03-27,51.0,51.3,51.95,51.0,12906579.0
2023-03-28,50.0,51.5,51.6,50.0,39800439.5
2023-03-29,51.5,50.1,51.5,50.0,19696840.0
2023-03-30,53.9,51.5,53.9,51.0,52750162.0
2023-03-31,48.4,53.7,53.8,48.4,101189865.0
2023-04-03,52.7,50.2,52.7,50.2,51670940.0
2023-04-04,52.95,52.6,53.0,51.55,19976017.5
2023-04-05,51.6,52.9,52.9,51.6,29179140.5
2023-04-11,52.2,52.3,53.0,51.2,83435858.0
2023-04-12,51.55,51.75,52.4,51.1,38990476.0
2023-04-13,51.5,51.3,51.85,51.0,19789509.0
2023-04-14,51.3,51.7,51.7,51.25,27751767.5
2023-04-17,52.55,51.3,52.55,51.0,25207397.0
2023-04-18,51.8,52.0,52.0,51.75,62640766.0
2023-04-19,50.45,51.8,51.95,50.35,116872159.5
2023-04-20,52.0,50.45,52.0,50.2,31237793.0
2023-04-24,53.0,51.95,53.0,51.1,26984159.5
2023-04-25,53.2,53.0,53.4,51.95,7979487.5
2023-04-26,53.6,53.2,53.6,51.85,42514506.5
2023-04-27,54.3,53.5,54.3,52.0,29035279.0
2023-04-28,54.75,53.3,54.75,52.15,38413501.5
2023-05-02,56.0,54.75,56.0,53.15,36170539.0
2023-05-03,55.75,55.95,56.15,55.5,29627301.0
2023-05-04,55.8,55.75,56.15,55.5,50743975.0
2023-05-05,55.9,55.8,56.05,55.5,1020693.5
2023-05-08,54.0,56.0,56.0,54.0,44495529.5
2023-05-09,54.0,54.0,55.55,53.5,32065101.0
2023-05-10,55.95,54.0,55.95,54.0,49935830.5
2023-05-11,55.65,55.95,55.95,55.2,34560051.0
2023-05-12,55.4,55.6,55.7,55.4,17384629.5
2023-05-15,55.0,55.4,55.4,54.55,40045714.0
2023-05-16,55.7,54.85,55.95,54.85,11794295.5
2023-05-17,54.55,55.7,55.7,54.55,18054603.0
2023-05-18,54.75,55.0,55.65,54.75,5543396.5
2023-05-19,55.6,54.6,55.6,54.6,10122419.5
2023-05-22,55.35,55.0,55.5,54.6,16648059.5
2023-05-23,55.25,54.7,55.35,54.7,29251536.0
2023-05-24,55.15,55.3,55.3,54.95,8989946.5
2023-05-25,55.0,55.15,55.15,54.65,33864451.0
2023-05-26,54.9,55.0,55.0,53.8,25982520.5
2023-05-29,54.9,54.0,55.0,54.0,14546287.0
2023-05-30,55.0,54.65,55.25,54.65,55371063.0
2023-05-31,54.5,55.1,55.1,53.5,269866588.0
2023-06-01,52.4,54.5,54.5,52.0,52549858.5
2023-06-02,54.95,53.0,54.95,53.0,24232667.0
2023-06-05,54.15,54.95,54.95,54.1,10511159.0
2023-06-06,54.2,54.2,54.3,53.55,25471544.5
2023-06-07,55.1,54.2,55.1,54.0,39056251.0
2023-06-08,55.0,54.5,55.0,54.2,6160980.0
2023-06-09,55.0,55.0,55.0,54.0,15560828.0
2023-06-13,54.15,54.5,54.8,52.6,30238399.0
2023-06-14,54.15,54.25,54.95,53.1,9514451.0
2023-06-15,54.5,53.15,54.5,53.15,14606125.0
2023-06-16,57.45,53.2,57.45,53.2,119611476.0
2023-06-19,56.5,56.9,56.9,55.7,32746556.5
2023-06-20,56.5,56.4,56.5,55.5,16363481.0
2023-06-21,52.0,55.6,56.1,52.0,43821295.0
2023-06-22,53.85,53.9,54.5,52.2,33445301.0
2023-06-23,53.95,54.7,54.7,53.15,8815147.0
2023-06-26,54.2,54.0,55.95,54.0,21511277.0
2023-06-27,53.0,54.25,55.95,53.0,29350409.5
2023-06-29,53.5,53.25,54.3,53.25,17095188.5
2023-06-30,54.4,54.0,54.6,53.5,17152167.0
2023-07-03,54.65,54.0,54.65,54.0,9931962.5
2023-07-04,54.1,54.65,54.9,54.1,3997636.0
2023-07-05,56.0,54.05,56.0,53.45,26982473.5
2023-07-06,56.0,55.4,56.0,54.7,16619450.5
2023-07-07,54.0,54.7,55.4,53.85,22896027.5
2023-07-10,54.75,55.0,55.0,54.0,6294053.0
2023-07-11,53.95,54.75,55.4,53.95,15345156.5
2023-07-12,55.25,54.0,55.25,54.0,6575482.5
2023-07-13,55.95,55.2,55.95,54.5,19925235.0
2023-07-14,55.9,55.95,55.95,54.65,36371459.0
2023-07-17,53.7,55.8,55.8,53.7,95709626.0
2023-07-18,53.0,54.7,54.7,53.0,42128213.5
2023-07-19,53.3,53.95,54.1,53.3,26839966.5
2023-07-20,53.7,53.85,54.35,53.35,45961119.0
2023-07-21,53.65,53.9,54.65,53.5,63810687.0
2023-07-24,53.65,54.0,54.4,53.3,5802566.5
2023-07-25,53.55,54.45,54.45,53.55,22044004.0
2023-07-26,54.65,53.55,54.65,53.55,22696359.0
2023-07-27,55.5,54.65,55.5,53.95,33666234.0
2023-07-28,55.3,55.5,55.5,54.55,15327638.0
2023-07-31,53.8,55.0,55.2,53.8,40662333.0
2023-08-01,54.5,54.95,54.95,54.3,7574867.5
2023-08-02,52.05,54.7,54.7,52.05,54564220.5
2023-08-03,52.8,53.3,53.3,52.15,11909644.5
2023-08-04,53.6,53.3,53.6,53.1,169551.5
2023-08-07,50.6,51.0,51.4,50.15,104167215.0
2023-08-08,49.95,51.0,51.0,49.95,56049405.5
2023-08-09,50.3,49.95,50.6,49.75,52381415.0
2023-08-10,49.05,50.3,50.3,49.05,72633324.0
2023-08-11,47.9,49.6,49.6,47.9,62548815.0
2023-08-14,46.5,48.55,48.55,46.5,45200045.0
2023-08-15,46.1,47.0,47.4,45.6,231408785.0
2023-08-16,48.05,47.4,48.05,46.8,22900575.0
2023-08-17,47.0,48.05,48.1,47.0,43544840.0
2023-08-18,47.05,47.9,47.9,47.05,56315300.0
2023-08-22,47.4,47.7,47.7,47.1,50138630.0
2023-08-23,47.35,47.4,47.7,47.25,18009860.0
2023-08-24,47.1,47.35,48.35,47.1,14344435.0
2023-08-25,47.25,47.15,47.3,47.15,22853000.0
2023-08-29,47.45,47.4,47.95,47.4,20877380.0
2023-08-30,47.95,47.5,48.3,47.5,42278885.0
2023-08-31,47.0,48.0,48.3,47.0,203849290.0
2023-09-01,47.15,47.8,47.8,47.0,30618535.0
2023-09-04,47.65,47.15,47.75,47.15,6537975.0
2023-09-05,47.5,47.15,47.95,47.15,18324615.0
2023-09-06,47.7,48.0,48.0,47.2,43182010.0
2023-09-07,48.65,47.7,48.75,47.2,56733095.0
2023-09-08,49.0,48.7,49.0,48.0,153455580.0
2023-09-11,48.1,49.0,49.0,48.1,10393190.0
2023-09-12,48.4,48.15,48.4,48.0,11867555.0
2023-09-13,47.85,48.4,48.4,47.85,16541225.0
2023-09-14,48.7,48.1,48.7,47.5,71059020.0
2023-09-15,47.25,48.7,48.7,47.25,59993055.0
2023-09-18,45.7,47.25,47.3,45.05,52869595.0
2023-09-19,45.7,45.7,46.3,45.2,18072540.0
2023-09-20,46.0,45.25,46.2,45.1,32073815.0
2023-09-21,45.8,45.2,45.8,45.0,12439100.0
2023-09-22,46.3,45.9,46.45,45.2,16149870.0
2023-09-25,46.1,47.0,47.0,46.1,9291850.0
2023-09-26,46.1,46.15,46.8,46.05,27136845.0
2023-09-27,48.2,46.1,48.2,45.9,64700060.0
2023-09-28,50.15,48.2,50.4,48.2,166613130.0
2023-09-29,50.15,50.15,50.3,48.7,80386394.0
2023-10-02,49.6,50.1,50.1,49.1,43442609.5
2023-10-03,50.0,49.8,50.0,49.15,28935515.0
2023-10-04,49.75,49.9,49.9,49.25,21580858.5
2023-10-05,49.3,49.25,49.8,49.15,72813790.0
2023-10-06,49.4,49.3,49.95,48.75,51652375.0
2023-10-09,49.0,48.65,49.35,48.65,3248940.0
2023-10-10,49.5,49.0,49.5,48.8,17322045.0
2023-10-11,49.35,48.9,50.2,48.9,32567805.0
2023-10-12,49.55,49.5,49.9,49.2,31861235.0
2023-10-13,49.7,49.4,50.0,49.4,15490560.0
2023-10-16,49.7,49.7,49.8,49.3,21378350.0
2023-10-17,49.75,49.7,50.0,49.6,39525815.0
2023-10-18,49.5,49.75,49.95,49.2,17442685.0
2023-10-19,49.1,49.85,49.85,49.1,37685760.0
2023-10-20,48.1,49.15,49.5,48.1,23092150.0
2023-10-23,47.4,48.15,48.15,47.0,18130715.0
2023-10-24,47.3,47.95,47.95,47.3,47401870.0
2023-10-25,47.4,48.1,48.1,46.8,73034160.0
2023-10-26,47.3,47.5,47.5,46.5,5141690.0
2023-10-27,46.4,46.1,47.0,46.1,23080375.0
2023-10-31,45.8,46.4,46.4,45.55,68934365.0
2023-11-03,45.7,45.8,46.85,45.55,50090180.0
2023-11-06,46.05,45.7,46.7,45.65,25883760.0
2023-11-07,46.95,46.05,46.95,45.8,13458775.0
2023-11-08,47.6,46.9,47.6,46.5,22577305.0
2023-11-09,48.8,47.55,48.8,47.3,29491505.0
2023-11-10,48.9,48.8,48.95,48.2,37845565.0
2023-11-13,48.45,49.25,49.25,48.25,2708650.0
2023-11-14,48.1,48.45,48.5,47.2,33304140.0
2023-11-15,47.75,47.45,48.7,47.45,37463875.0
2023-11-16,47.95,48.5,48.5,47.8,38459615.0
2023-11-17,47.2,48.0,48.0,47.2,21216190.0
2023-11-20,47.25,47.5,47.95,47.25,10846040.0
2023-11-21,48.65,48.0,48.65,47.25,13261330.0
2023-11-22,48.7,48.6,48.7,48.0,5150390.0
2023-11-23,48.3,48.7,48.7,47.8,29932670.0
2023-11-24,48.65,48.6,48.7,48.3,15382900.0
2023-11-28,47.85,48.7,48.7,47.85,15591485.0
2023-11-29,47.9,47.85,48.1,47.85,7443125.0
2023-11-30,47.55,47.85,48.1,47.2,86021655.0
2023-12-01,47.0,46.8,47.7,46.8,21267005.0
2023-12-04,47.9,47.5,47.9,46.8,10313180.0
2023-12-05,49.0,47.9,49.0,46.8,32360380.0
2023-12-06,49.0,48.9,49.0,47.9,34790205.0
2023-12-07,48.1,48.6,48.6,48.1,12093415.0
2023-12-11,47.95,48.1,48.3,46.9,25800025.0
2023-12-12,48.75,47.15,48.75,47.15,8943970.0
2023-12-13,48.75,47.75,48.85,47.75,16151505.0
2023-12-14,50.0,48.9,50.0,48.25,34395650.0
2023-12-15,50.0,48.7,50.05,48.3,77683040.0
2023-12-18,49.1,50.0,50.6,49.1,32468109.5
2023-12-19,49.1,49.1,50.0,49.1,22558850.0
2023-12-20,49.2,49.4,50.15,49.1,30463260.0
2023-12-21,49.25,49.55,49.75,49.1,5909350.0
2023-12-22,50.15,49.1,50.3,49.1,58345395.0
2023-12-27,49.3,50.15,50.95,49.3,13368328.5
2023-12-28,50.0,49.3,50.0,49.3,19126950.0
2023-12-29,44.6,50.0,50.1,44.6,39114321.5
2024-01-02,49.9,47.6,49.9,47.55,109119910.0
2024-01-03,49.0,49.0,49.8,48.5,33841400.0
2024-01-04,49.9,49.45,50.0,48.8,62726740.0
2024-01-05,49.9,49.4,49.9,49.2,11565745.0
2024-01-08,50.0,49.9,50.1,49.55,27825195.0
2024-01-09,48.6,50.1,50.1,48.6,31956605.5
2024-01-10,48.3,49.9,49.9,48.3,32987630.0
2024-01-11,48.5,48.5,49.2,48.45,36923715.0
2024-01-12,48.7,48.55,49.8,48.55,26512175.0
2024-01-15,49.5,49.3,49.6,48.75,48709115.0
2024-01-16,49.0,49.5,49.7,48.8,38458020.0
2024-01-17,48.2,49.0,49.2,48.2,27095230.0
2024-01-18,48.8,48.85,48.95,48.25,33880655.0
2024-01-19,48.8,48.7,48.8,48.1,40037200.0
2024-01-22,49.0,48.8,49.0,48.4,26930875.0
2024-01-23,48.75,49.0,49.25,48.4,6437770.0
2024-01-24,49.15,48.75,49.25,48.75,29903690.0
2024-01-25,49.1,49.15,49.25,49.1,29209815.0
2024-01-26,48.6,49.0,49.0,48.35,52171595.0
2024-01-29,48.0,48.95,48.95,48.0,20136390.0
2024-01-30,47.95,48.1,48.6,47.95,45293205.0
2024-01-31,48.5,48.0,48.85,48.0,101349955.0
2024-02-01,47.95,48.85,48.85,47.95,37873910.0
2024-02-02,47.5,48.3,48.9,47.5,107150625.0
2024-02-05,47.5,47.6,48.15,47.5,23988385.0
2024-02-06,47.5,48.3,48.4,47.5,27697815.0
2024-02-07,47.5,48.1,48.15,47.5,90846325.0
2024-02-08,47.25,47.95,48.3,47.25,48906595.0
2024-02-12,46.0,47.25,47.6,46.0,47576455.0
2024-02-13,46.0,46.0,46.75,46.0,15452325.0
2024-02-14,46.05,46.5,46.6,46.0,25933175.0
2024-02-15,46.0,46.1,46.55,46.0,59645190.0
2024-02-16,46.0,46.45,46.45,46.0,62316775.0
2024-02-19,45.3,46.55,46.55,45.2,52360400.0
2024-02-20,45.55,45.9,46.35,45.1,109672845.0
2024-02-21,46.3,45.8,46.3,45.3,71447415.0
2024-02-22,47.35,46.3,47.35,46.3,91715560.0
2024-02-23,48.2,47.15,48.2,47.15,61868585.0
2024-02-26,49.05,48.3,49.05,48.25,69661930.0
2024-02-27,49.2,49.0,49.2,48.9,75179735.0
2024-02-28,50.35,49.2,50.4,49.05,111498855.0
2024-02-29,53.0,50.4,53.0,50.0,209449692.0
2024-03-01,50.2,52.0,52.0,50.2,47865941.5
2024-03-04,49.55,50.5,50.9,49.5,38678334.5
2024-03-05,49.0,49.5,50.55,49.0,34728160.0
2024-03-06,49.5,49.25,49.85,49.0,51257570.0
2024-03-07,49.0,49.5,49.5,48.7,40580045.0
2024-03-08,49.3,49.0,49.75,48.6,28465220.0
2024-03-11,48.65,49.6,49.7,48.6,16911410.0
2024-03-12,49.5,48.55,50.0,48.55,50486390.0
2024-03-13,48.5,49.05,49.95,48.5,154468705.0
2024-03-14,48.3,48.6,49.0,47.6,93014875.0
2024-03-15,48.7,48.3,48.7,47.65,151620355.0
2024-03-18,47.8,48.0,48.0,46.9,123661060.0
2024-03-19,46.1,47.8,48.2,46.1,49329220.0
2024-03-20,46.5,46.95,46.95,46.1,30990120.0
2024-03-21,46.85,46.5,47.0,46.15,129032930.0
2024-03-22,47.0,47.1,47.1,46.7,106150170.0
2024-03-25,47.0,46.8,47.35,46.45,82238110.0
2024-03-26,47.0,47.0,47.0,46.3,50937030.0
2024-03-27,46.85,47.0,47.0,46.5,34869130.0
2024-04-01,47.0,47.0,47.05,46.6,43767710.0
2024-04-02,46.15,47.2,47.3,46.15,103185985.0
2024-04-03,46.0,46.6,46.6,45.8,58532730.0
2024-04-04,44.4,46.1,46.9,44.25,146094695.0
2024-04-05,42.65,44.4,45.0,42.65,490005855.0
2024-04-08,42.9,43.35,44.1,42.65,217631970.0
2024-04-11,41.65,43.05,43.05,41.5,99218745.0
2024-04-12,39.7,41.75,42.0,39.7,273041150.0
2024-04-15,38.8,39.8,40.1,38.8,90510800.0
2024-04-16,39.0,38.8,39.4,38.5,88368430.0
2024-04-17,40.1,39.2,40.1,39.05,108525175.0
2024-04-18,39.95,40.1,40.1,39.3,35147715.0
2024-04-19,38.95,39.45,39.95,38.85,62013595.0
2024-04-22,39.0,40.0,40.0,38.95,23010135.0
2024-04-23,39.0,39.0,39.35,39.0,16283250.0
2024-04-24,40.2,39.05,40.4,39.05,51048640.0
2024-04-25,40.0,40.4,40.5,39.85,32574725.0
2024-04-26,40.15,40.0,40.25,39.95,16853320.0
2024-04-29,41.3,40.3,41.95,40.2,28013420.0
2024-04-30,42.5,41.3,42.9,41.3,16981900.0
2024-05-02,40.4,41.7,42.1,40.4,50463130.0
2024-05-03,40.45,40.45,41.35,39.45,30994480.0
2024-05-06,40.4,40.45,40.75,39.4,39829775.0
2024-05-07,39.6,40.4,40.45,39.55,42299270.0
2024-05-08,40.0,40.55,40.55,39.5,11932415.0
2024-05-09,39.25,40.3,40.3,39.05,37870260.0
2024-05-10,39.75,39.75,39.8,39.2,14094085.0
2024-05-13,38.8,39.6,39.6,38.7,37753080.0
2024-05-14,38.25,39.55,39.55,38.25,13040860.0
2024-05-15,37.0,38.0,38.3,36.55,189666265.0
2024-05-16,37.15,37.15,37.65,36.9,130828070.0
2024-05-17,37.35,37.15,37.65,37.15,129902220.0
2024-05-20,37.35,37.65,37.9,37.1,161339845.0
2024-05-21,37.9,37.5,38.2,37.5,171972735.0
2024-05-22,37.8,38.0,39.0,37.5,249953760.0
2024-05-23,37.8,37.8,39.0,37.5,44522580.0
2024-05-24,37.7,38.0,38.0,37.65,52650485.0
2024-05-27,37.7,37.85,38.75,37.7,131102155.0
2024-05-28,36.0,37.7,37.75,36.0,380394290.0
2024-05-29,36.15,36.05,36.3,35.5,157669145.0
2024-05-30,37.0,36.4,37.0,36.15,128366025.0
2024-05-31,35.05,37.05,37.35,35.05,5482204440.0
2024-06-03,36.9,36.0,37.15,35.85,647079200.0
2024-06-04,38.0,36.9,38.2,36.6,535953970.0
2024-06-05,37.7,37.85,38.1,37.4,335812580.0
2024-06-06,37.9,38.0,38.2,37.8,281252130.0
2024-06-07,38.5,38.2,38.75,37.9,211100670.0
2024-06-10,38.5,38.5,38.8,38.2,53808400.0
2024-06-11,38.5,38.75,39.2,38.5,181264510.0
2024-06-13,38.8,38.15,39.15,38.15,191095440.0
2024-06-14,38.45,38.85,39.0,38.35,136425010.0
2024-06-18,38.55,38.75,38.75,38.3,71175115.0
2024-06-19,39.0,38.55,39.05,38.5,235278870.0
2024-06-20,39.25,39.05,39.45,39.0,83667235.0
2024-06-21,38.8,39.15,39.35,38.75,68487360.0
2024-06-24,38.6,38.8,39.0,38.0,118815080.0
2024-06-25,37.4,38.0,38.85,37.0,139269710.0
2024-06-26,38.8,37.65,38.8,37.45,30142290.0
2024-06-27,38.85,38.75,38.85,38.0,56994535.0
2024-06-28,38.8,38.85,38.85,38.45,65073365.0
2024-07-01,37.75,38.8,38.8,37.5,177468405.0
2024-07-02,37.45,37.75,37.8,36.75,71691210.0
2024-07-03,37.5,37.8,37.8,36.35,70239045.0
2024-07-04,37.55,37.5,37.85,37.0,179314200.0
2024-07-05,37.0,37.6,37.8,37.0,30849795.0
2024-07-08,37.0,37.0,37.55,36.85,157636795.0
2024-07-09,36.35,37.5,37.5,36.15,76145995.0
2024-07-10,36.45,36.7,37.2,36.0,56257920.0
2024-07-11,36.95,36.45,37.05,36.3,73049195.0
2024-07-12,36.2,37.0,37.25,36.2,247409430.0
2024-07-15,37.15,36.25,37.55,36.2,98015290.0
2024-07-16,37.1,37.5,37.5,36.95,52883715.0
2024-07-17,37.25,37.2,37.45,36.75,43162510.0
2024-07-18,36.4,37.35,37.35,36.4,49478785.0
2024-07-19,36.45,36.5,37.0,36.4,37563380.0
2024-07-22,35.8,36.85,36.85,35.8,118695260.0
2024-07-23,35.65,35.9,36.35,35.1,78474125.0
2024-07-25,36.3,35.65,36.3,35.5,2575420.0
2024-07-26,35.6,36.05,36.3,35.6,46229990.0
2024-07-29,35.6,36.0,36.1,35.6,10956540.0
2024-07-30,35.5,35.55,35.85,35.2,62167520.0
2024-07-31,35.45,35.55,35.7,35.4,40833665.0
2024-08-01,35.55,35.5,35.85,35.4,12720400.0
2024-08-02,35.45,35.9,35.9,35.25,43394345.0
2024-08-05,33.7,35.25,35.25,33.0,134557825.0
2024-08-06,33.5,33.75,34.3,33.35,35342030.0
2024-08-07,33.0,33.6,33.75,32.9,75084625.0
2024-08-08,32.9,33.4,33.4,32.75,83423915.0
2024-08-09,32.6,33.05,33.8,32.55,140672365.0
2024-08-12,32.65,32.85,32.85,32.55,30454815.0
2024-08-13,32.6,32.7,32.8,32.5,37162325.0
2024-08-14,34.65,32.65,34.65,32.6,104195510.0
2024-08-15,33.5,34.35,34.9,33.25,78254355.0
2024-08-16,34.5,33.6,34.55,33.6,128787605.0
2024-08-19,35.45,34.9,35.75,34.7,70131580.0
2024-08-20,35.6,35.45,36.05,35.45,136104590.0
2024-08-21,35.35,35.65,35.9,35.25,39317615.0
2024-08-22,35.2,35.35,35.35,34.2,86493700.0
2024-08-27,34.5,35.15,35.15,33.9,70536745.0
2024-08-28,34.05,34.2,34.6,34.05,21751955.0
2024-08-29,33.35,34.05,34.25,33.2,55736035.0
2024-08-30,33.2,33.5,33.7,33.1,42470085.0
2024-09-02,33.2,33.25,33.5,33.1,22048065.0
2024-09-03,33.3,33.3,33.8,33.3,13667445.0
2024-09-04,33.4,33.3,33.5,32.9,33398885.0
2024-09-05,33.5,33.5,33.65,33.0,54914865.0
2024-09-06,33.5,33.5,33.65,33.2,146579905.0
2024-09-09,34.05,33.5,34.3,33.35,98499980.0
2024-09-10,35.0,34.3,36.0,34.3,134504530.0
2024-09-11,35.5,35.5,35.6,34.95,90152085.0
2024-09-12,35.9,35.5,35.9,35.2,105030685.0
2024-09-13,36.3,35.95,36.5,35.8,68382025.0
2024-09-16,36.4,36.4,36.5,36.2,67549065.0
2024-09-17,35.9,36.4,36.45,35.9,90341810.0
2024-09-18,36.0,35.95,37.0,35.95,83600065.0
2024-09-19,36.0,36.05,36.5,35.8,93393930.0
2024-09-20,37.0,36.1,37.3,36.1,137471735.0
2024-09-23,38.15,37.3,38.45,37.0,108736600.0
2024-09-24,37.65,38.25,38.25,37.6,54718490.0
2024-09-25,36.5,37.8,37.95,36.35,35060125.0
2024-09-26,37.65,36.55,37.65,36.55,70928840.0
2024-09-27,37.8,37.65,37.8,37.2,67588045.0
2024-09-30,37.15,37.8,38.2,37.1,64444930.0
2024-10-01,37.75,37.6,38.2,37.35,75266070.0
2024-10-02,37.6,37.65,38.0,37.45,23945230.0
2024-10-03,37.0,37.6,38.0,37.0,90319045.0
2024-10-04,37.0,37.3,37.3,36.75,39951690.0
2024-10-07,37.3,37.25,38.05,37.25,59195790.0
2024-10-08,37.65,37.85,37.85,37.3,45542440.0
2024-10-09,37.2,37.65,37.65,37.1,33651830.0
2024-10-10,37.25,37.2,37.7,37.0,39160325.0
2024-10-11,36.5,37.7,37.7,36.3,41364200.0
2024-10-14,37.5,36.55,37.65,36.55,57177205.0
2024-10-15,37.4,37.7,37.9,37.4,33637340.0
2024-10-16,37.65,37.65,37.8,37.45,25213275.0
2024-10-17,37.6,37.7,38.4,37.5,77156815.0
2024-10-18,36.85,37.6,37.9,36.75,44726615.0
2024-10-21,36.8,37.25,37.6,36.7,17571905.0
2024-10-22,36.95,36.9,37.15,36.75,24397490.0
2024-10-23,36.65,36.95,37.15,36.65,18636925.0
2024-10-24,36.1,37.0,37.0,36.05,22469095.0
2024-10-25,35.8,36.1,36.6,35.25,24776765.0
2024-10-28,35.1,35.8,35.85,34.1,72854540.0
2024-10-29,34.2,35.2,35.2,33.55,65802155.0
2024-10-30,34.95,34.2,34.95,33.95,175886660.0
2024-10-31,34.9,35.0,35.15,34.55,30898055.0
2024-11-04,35.2,34.9,35.25,34.55,53907040.0
2024-11-05,35.4,35.2,35.6,35.2,39200300.0
2024-11-06,35.8,35.55,36.4,35.55,135033700.0
2024-11-07,34.5,35.8,35.8,34.15,81354720.0
2024-11-08,36.0,34.5,36.05,34.15,123325265.0
2024-11-11,34.2,36.0,36.0,34.2,196536930.0
2024-11-12,33.85,34.45,35.0,33.75,276816090.0
2024-11-13,34.0,33.85,34.0,32.7,163839250.0
2024-11-14,34.4,34.0,34.4,32.7,213076065.0
2024-11-15,34.0,33.2,34.55,33.2,35799660.0
2024-11-18,35.0,34.5,35.15,34.1,85011565.0
2024-11-19,34.25,35.15,35.6,34.25,114227785.0
2024-11-20,34.3,34.25,35.1,33.65,108741035.0
2024-11-21,33.25,34.25,34.5,33.25,75737425.0
2024-11-22,33.85,34.0,34.0,33.1,9957275.0
2024-11-25,35.15,33.9,35.2,33.85,61539885.0
2024-11-26,34.3,34.5,35.55,34.3,159953255.0
2024-11-27,33.9,34.95,34.95,33.9,25970970.0
2024-11-28,33.0,33.9,34.1,32.95,118041015.0
2024-11-29,34.0,33.35,34.05,33.2,57861625.0
2024-12-02,34.35,34.0,34.4,33.7,24018210.0
2024-12-03,33.55,34.25,34.45,33.5,31318410.0
2024-12-04,34.3,33.65,34.3,33.6,42359330.0
2024-12-05,34.7,34.4,34.8,34.3,153541620.0
2024-12-06,34.7,34.5,34.7,34.0,8101645.0
2024-12-09,34.0,34.7,34.7,33.85,15642645.0
2024-12-10,34.05,34.7,34.7,33.9,44590420.0
2024-12-11,33.8,34.5,34.5,33.7,11173715.0
2024-12-12,34.1,33.8,34.1,33.5,59874930.0
2024-12-13,33.8,34.1,34.1,33.55,58212720.0
2024-12-16,33.8,33.8,34.05,33.8,16822895.0
2024-12-17,33.7,33.8,33.8,33.05,25488630.0
2024-12-18,33.1,33.6,33.65,33.05,6685720.0
2024-12-19,32.7,33.15,33.15,32.5,93674600.0
2024-12-20,33.0,33.15,33.5,33.0,70153500.0
2024-12-23,33.0,33.0,33.2,32.6,6119570.0
2024-12-26,34.2,33.7,34.2,33.55,5736175.0
2024-12-27,34.35,34.4,34.45,33.5,26483520.0
2025-01-02,34.0,34.35,34.35,34.0,16800910.0
2025-01-03,34.1,34.0,34.9,34.0,33918965.0
2025-01-06,34.25,34.8,34.85,34.2,3805665.0
2025-01-07,35.0,34.75,35.0,34.3,95815385.0
2025-01-08,35.2,35.0,35.2,34.35,78286305.0
2025-01-09,35.0,35.0,35.05,34.55,35714370.0
2025-01-10,35.0,34.65,35.0,34.2,50901700.0
2025-01-13,33.5,35.0,35.0,33.5,80308070.0
2025-01-14,32.75,33.5,33.8,32.75,88293750.0
2025-01-15,33.0,32.95,33.4,32.9,22674560.0
2025-01-16,33.65,33.25,33.9,33.25,10907695.0
2025-01-17,33.8,33.65,34.0,33.3,10471140.0
2025-01-20,33.5,34.0,34.0,32.75,26117695.0
2025-01-21,33.75,33.8,33.95,33.0,6272700.0
2025-01-22,33.2,33.75,33.95,33.15,11663065.0
2025-01-23,34.0,33.3,34.2,33.0,53444050.0
2025-01-24,34.6,34.0,34.6,33.9,11782735.0
2025-01-27,34.4,34.5,34.55,34.1,14068570.0
2025-01-28,33.75,34.1,34.4,33.75,18823460.0
2025-01-30,33.9,33.8,34.25,33.4,41526285.0
2025-01-31,32.2,34.0,34.65,32.2,285212495.0
2025-02-03,31.4,32.55,33.45,31.2,78688580.0
2025-02-04,32.2,31.45,32.55,31.45,73937365.0
2025-02-05,33.2,32.2,33.85,32.15,55331315.0
2025-02-06,33.2,33.2,33.85,33.0,23775255.0
2025-02-07,33.0,33.1,34.0,33.0,81156580.0
2025-02-10,32.6,33.05,33.6,32.5,56767335.0
2025-02-11,32.45,32.95,33.15,32.4,37016075.0
2025-02-12,32.45,32.4,32.75,31.95,21258575.0
2025-02-13,32.4,32.15,32.85,32.15,38768385.0
2025-02-14,32.0,32.5,32.9,32.0,125465550.0
2025-02-17,31.25,32.45,32.45,31.2,46961260.0
2025-02-18,31.85,31.6,32.15,31.4,65145055.0
2025-02-19,32.5,32.2,32.5,31.85,60757370.0
2025-02-20,32.85,32.5,33.25,32.0,22890365.0
2025-02-21,33.5,32.85,33.6,32.85,25424115.0
2025-02-24,33.5,33.45,33.55,32.55,26706965.0
2025-02-25,33.15,33.5,33.6,32.6,18516305.0
2025-02-26,33.5,33.5,33.85,32.8,63116220.0
2025-02-27,33.5,33.2,33.8,33.1,24734555.0
2025-02-28,32.9,33.8,33.85,32.9,31556215.0
2025-03-03,32.5,32.9,33.45,32.45,9750980.0
2025-03-04,32.7,32.5,32.8,32.35,6691330.0
2025-03-05,33.35,33.0,33.35,32.6,11206060.0
2025-03-06,33.0,33.35,33.35,32.8,22077360.0
2025-03-07,33.5,33.1,33.6,33.0,12052040.0
2025-03-10,33.2,33.7,33.9,33.2,17897520.0
2025-03-11,32.5,33.15,33.4,32.0,39345400.0
2025-03-12,32.25,32.5,33.0,32.05,21890285.0
2025-03-13,32.45,32.25,33.1,32.25,48970885.0
2025-03-14,32.6,32.75,33.2,32.6,15713060.0
2025-03-17,32.6,33.25,33.25,32.5,73650780.0
2025-03-18,32.6,32.8,33.45,32.55,69803010.0
2025-03-19,32.7,33.25,33.25,32.65,35550460.0
2025-03-20,32.5,32.3,32.6,31.35,36135520.0
2025-03-21,32.1,32.15,32.5,31.85,20374855.0
2025-03-24,32.4,32.2,32.9,32.0,45707395.0
2025-03-25,31.15,32.15,32.15,31.1,54497000.0
2025-03-26,31.3,31.15,31.8,31.1,44351035.0
2025-03-27,31.6,31.9,31.9,31.35,52216200.0
2025-03-28,32.0,31.7,32.0,31.3,23856090.0
2025-03-31,33.0,31.5,33.0,31.15,54504145.0
2025-04-02,32.7,32.9,32.9,31.9,34452905.0
2025-04-03,32.25,32.65,32.7,31.75,28870890.0
2025-04-04,32.25,31.95,32.25,31.8,6878305.0
2025-04-07,30.7,32.25,32.25,30.7,25170260.0
2025-04-08,32.7,31.0,32.7,30.6,18077705.0
2025-04-10,32.15,32.5,32.65,32.05,23448150.0
2025-04-11,32.55,32.65,32.65,31.5,42824310.0
2025-04-14,32.1,32.5,32.6,32.05,7049355.0
2025-04-15,32.45,32.5,32.5,32.1,5927095.0
2025-04-16,32.0,32.0,32.4,32.0,7067315.0
2025-04-21,32.4,32.0,32.65,32.0,11405055.0
2025-04-22,32.55,32.55,32.65,32.2,5787985.0
2025-04-23,32.65,32.5,32.75,32.5,3624305.0
2025-04-24,32.75,32.65,32.75,32.2,6425680.0
2025-04-25,32.75,32.1,33.05,32.1,6525655.0
2025-04-28,33.25,33.05,33.4,33.0,31637325.0
2025-04-29,33.3,33.4,33.5,33.1,15592985.0
2025-04-30,32.5,33.2,33.45,32.5,68296050.0
2025-05-02,33.25,32.5,33.4,32.5,33330135.0
2025-05-05,33.25,33.25,33.7,32.85,37369380.0
2025-05-06,33.0,33.2,33.45,32.8,32313380.0
2025-05-07,33.8,33.4,34.0,33.0,61783485.0
2025-05-08,33.4,34.0,34.05,33.4,38288215.0
2025-05-09,33.9,33.4,33.95,33.0,33145755.0
2025-05-13,34.0,33.9,34.0,33.2,37959890.0
2025-05-14,37.25,35.0,37.7,35.0,459337005.0
2025-05-15,37.0,37.25,37.5,36.7,164965895.0
2025-05-16,35.85,36.85,36.85,35.65,54102950.0
2025-05-19,35.8,36.55,36.55,35.8,22819630.0
2025-05-20,35.15,36.0,36.0,35.0,33996190.0
2025-05-21,34.8,35.15,35.55,34.55,68315110.0
2025-05-22,34.8,34.8,35.0,34.25,26970370.0
2025-05-23,35.75,34.9,35.9,34.85,53385400.0
2025-05-26,35.25,35.8,35.9,35.15,17716185.0
2025-05-27,35.65,35.2,35.8,35.15,38686950.0
2025-05-28,36.2,35.9,36.6,35.9,125478660.0
2025-05-29,36.5,36.2,37.0,36.2,101287050.0
2025-05-30,34.5,36.65,36.95,34.5,1190239255.0
2025-06-02,33.0,34.6,34.7,33.0,63861350.0
2025-06-03,33.4,33.3,33.75,33.05,44928470.0
2025-06-04,34.15,33.95,34.15,33.05,53283735.0
2025-06-05,34.2,34.15,34.5,34.0,39540210.0
2025-06-09,34.25,34.2,34.4,34.1,71535580.0
2025-06-10,34.25,34.7,34.7,34.15,35968720.0
2025-06-11,34.45,34.5,34.6,34.25,4179930.0
2025-06-13,34.5,34.0,34.75,34.0,14988225.0
2025-06-16,34.3,34.3,34.5,34.05,7605125.0
2025-06-17,34.45,34.4,34.8,34.4,16530725.0
2025-06-18,34.3,34.45,34.6,34.2,8025715.0
2025-06-19,34.35,34.3,34.5,34.3,14599425.0
2025-06-20,34.7,34.3,34.7,34.2,29406800.0
2025-06-23,33.7,34.5,34.6,33.1,22748845.0
2025-06-24,34.1,33.7,34.1,33.7,13641640.0
2025-06-25,34.4,34.5,34.5,33.6,11526050.0
2025-06-26,34.4,34.5,34.5,33.85,8325780.0
2025-06-27,35.0,34.5,35.0,34.5,23028535.0
2025-06-30,34.9,35.05,35.45,33.95,46563470.0
2025-07-01,34.9,35.35,35.35,34.5,24389470.0
2025-07-02,34.9,34.9,34.9,34.15,8142110.0
2025-07-03,34.8,34.9,34.9,34.5,9667815.0
2025-07-04,34.95,34.85,34.95,34.6,7848480.0
2025-07-07,34.8,35.0,35.15,34.5,13569210.0
2025-07-08,34.9,35.0,35.0,34.55,12132030.0
2025-07-09,34.8,35.05,35.05,34.75,10717175.0
2025-07-10,33.75,34.8,34.8,33.75,24725380.0
2025-07-11,33.8,33.8,34.0,33.6,7645735.0
2025-07-14,34.1,33.85,34.5,33.8,9618430.0
2025-07-15,34.4,34.3,34.5,34.25,26054425.0
2025-07-16,33.6,34.3,34.4,33.6,23165160.0
2025-07-17,33.55,33.6,33.95,33.1,5924225.0
2025-07-18,33.4,33.5,33.5,33.05,11614690.0
2025-07-21,33.3,33.35,33.55,33.25,47145565.0
2025-07-22,33.0,33.3,33.5,32.95,32279390.0
2025-07-23,32.75,33.1,33.4,32.65,31852095.0
2025-07-24,33.5,32.75,34.7,32.7,80828885.0
2025-07-25,33.4,34.0,34.3,33.05,20016465.0
2025-07-28,33.0,33.6,33.6,32.75,21744495.0
2025-07-29,32.6,33.0,33.5,32.2,43269880.0
2025-07-30,32.3,32.65,32.85,32.1,31525995.0
2025-07-31,31.7,32.3,32.3,31.7,48948055.0
2025-08-01,31.5,31.7,31.7,31.45,42867635.0
2025-08-04,30.7,31.5,31.5,30.1,69863350.0
2025-08-05,30.6,31.35,31.4,30.55,36379990.0
2025-08-06,30.0,30.7,30.85,29.95,144274895.0
2025-08-07,29.3,30.55,30.6,28.9,79877470.0
2025-08-08,29.45,29.95,30.35,29.2,85988425.0
2025-08-11,28.5,29.5,29.55,28.15,65981005.0
2025-08-12,30.0,28.6,30.05,28.55,43178035.0
2025-08-13,31.0,30.5,31.15,30.1,73322575.0
2025-08-14,30.2,31.0,31.15,30.0,23645890.0
2025-08-15,29.15,30.6,30.6,28.8,221719380.0
2025-08-18,29.65,29.65,30.0,29.6,29281345.0
2025-08-19,29.6,29.65,29.9,29.0,14757030.0
2025-08-20,29.35,29.55,29.8,29.35,9855925.0
2025-08-22,30.1,29.9,30.3,29.5,12941130.0
2025-08-26,30.85,30.1,31.0,29.4,70340805.0
2025-08-27,29.8,30.85,30.85,29.55,49336445.0
2025-08-28,29.0,30.3,30.3,28.65,79255970.0
2025-08-29,29.1,29.7,29.7,29.05,9200500.0
2025-09-01,29.1,29.9,29.9,29.05,11660545.0
2025-09-02,29.0,29.2,29.5,28.3,48720805.0
2025-09-03,28.75,29.25,29.25,28.55,39680030.0
2025-09-04,28.95,28.8,29.1,28.65,22258990.0
2025-09-05,29.65,29.0,30.1,29.0,14658660.0
2025-09-08,29.2,30.0,30.05,29.0,40491760.0
2025-09-09,29.25,29.2,29.9,29.0,19737875.0
2025-09-10,30.0,29.35,30.2,29.35,15290125.0
2025-09-11,30.7,30.2,30.7,30.0,8251715.0
2025-09-12,31.0,30.7,31.0,30.35,23869720.0
2025-09-15,30.6,31.0,31.0,30.3,19611640.0
2025-09-16,31.0,30.6,31.4,30.5,15184890.0
2025-09-17,31.55,31.0,31.9,31.0,18093540.0
2025-09-18,31.55,31.55,32.0,31.2,95024010.0
2025-09-19,32.5,31.95,32.5,31.5,43940920.0
2025-09-22,31.5,32.5,32.5,31.25,9129070.0
2025-09-23,30.7,31.55,31.6,30.65,6996935.0
2025-09-24,31.6,30.7,31.6,30.6,6474300.0
2025-09-25,30.3,31.6,31.6,30.3,7502470.0
2025-09-26,30.95,30.35,30.95,30.0,5856655.0
2025-09-29,30.35,31.3,31.3,30.3,2358560.0
2025-09-30,29.8,30.35,30.45,29.8,94839150.0
2025-10-01,31.0,30.0,31.0,29.8,7185120.0
2025-10-02,31.0,31.0,31.15,30.6,9437015.0
2025-10-03,30.5,31.0,31.0,30.2,15259955.0
2025-10-06,29.7,30.5,30.5,29.7,21770815.0
2025-10-07,29.9,29.75,30.0,29.5,7389775.0
2025-10-08,29.85,29.9,30.2,29.5,3757535.0
2025-10-09,29.5,30.45,30.45,29.4,16821920.0
2025-10-10,29.4,29.55,29.55,29.35,7553150.0
2025-10-13,28.9,29.4,29.4,28.9,14202330.0
2025-10-14,28.55,29.0,29.0,28.55,22257630.0
2025-10-15,28.5,28.55,29.0,28.45,17302030.0
2025-10-16,29.4,28.8,29.5,28.6,7443970.0
2025-10-17,29.5,29.4,29.95,29.4,8306875.0
2025-10-20,29.2,29.8,29.85,29.2,15944695.0
2025-10-21,28.5,29.15,29.5,28.4,87454910.0
2025-10-22,28.5,28.55,29.05,28.45,27512475.0
2025-10-23,28.35,28.5,28.65,28.35,4238280.0
2025-10-24,28.75,28.35,28.75,28.3,4874940.0
2025-10-27,28.95,29.0,29.0,28.7,3062435.0
2025-10-28,28.55,28.7,28.75,28.0,16391945.0
2025-10-29,28.8,28.75,28.95,28.65,3432210.0
2025-10-30,28.5,28.75,28.75,27.9,13883005.0
2025-11-03,28.15,28.5,28.5,27.5,26610860.0
2025-11-04,28.25,28.15,28.5,28.0,7883165.0
2025-11-05,26.9,28.5,28.5,26.9,56329925.0
2025-11-06,27.6,26.95,27.65,26.95,11803510.0
2025-11-07,27.4,27.6,27.85,26.9,13287790.0
2025-11-10,27.1,27.4,27.95,27.05,15786130.0
2025-11-11,26.15,27.05,27.15,26.05,32494855.0
2025-11-12,25.8,26.3,26.55,25.8,52521115.0
2025-11-13,24.2,25.8,25.95,23.9,138570475.0
2025-11-14,24.3,24.4,24.85,24.2,41727570.0
2025-11-17,25.2,24.3,25.4,24.3,17582950.0
2025-11-18,24.65,25.4,25.4,24.65,14258540.0
2025-11-19,25.0,25.0,25.3,24.65,20791550.0
2025-11-20,25.0,25.0,25.25,24.5,87698695.0
2025-11-21,25.3,25.3,26.0,25.15,16267815.0
2025-11-24,26.25,25.45,26.25,24.9,37545975.0
2025-11-25,26.0,26.25,26.65,26.0,28053090.0
2025-11-26,26.05,26.0,26.3,25.6,18182220.0
2025-11-27,26.3,26.05,26.55,25.95,12471140.0
2025-11-28,27.25,26.3,27.25,26.15,9507515.0
2025-12-01,26.5,27.25,27.3,26.5,7379465.0
2025-12-02,26.9,26.7,26.9,26.45,6700065.0
2025-12-03,26.9,26.95,27.0,26.0,19171270.0
2025-12-04,26.7,27.0,27.0,26.65,10161715.0
2025-12-05,26.2,26.7,27.05,26.2,14229370.0
2025-12-09,26.8,26.7,26.8,26.25,8447545.0
2025-12-10,26.0,26.8,26.8,26.0,8068415.0
2025-12-11,26.0,26.1,26.45,25.9,25115810.0
2025-12-12,26.0,26.0,26.45,25.9,11455475.0
2025-12-15,26.55,26.3,26.65,26.3,16194575.0
2025-12-16,26.5,26.55,26.55,26.3,14767000.0
2025-12-17,26.3,26.5,26.55,26.3,29801405.0
2025-12-18,26.0,26.35,26.4,26.0,17050840.0
2025-12-19,25.6,26.3,26.35,25.6,56066800.0
2025-12-22,26.15,26.0,26.45,25.85,21475640.0
2025-12-23,26.55,26.4,26.6,26.3,7323715.0
2025-12-26,27.5,26.55,27.5,26.55,10184350.0
2025-12-29,28.0,27.5,28.1,27.5,24827285.0
